#
# There is insufficient memory for the Java Runtime Environment to continue.
# Native memory allocation (mmap) failed to map 65536 bytes. Error detail: Failed to commit metaspace.
# Possible reasons:
#   The system is out of physical RAM or swap space
#   This process is running with CompressedOops enabled, and the Java Heap may be blocking the growth of the native heap
# Possible solutions:
#   Reduce memory load on the system
#   Increase physical memory or swap space
#   Check if swap backing store is full
#   Decrease Java heap size (-Xmx/-Xms)
#   Decrease number of Java threads
#   Decrease Java thread stack sizes (-Xss)
#   Set larger code cache with -XX:ReservedCodeCacheSize=
#   JVM is running with Zero Based Compressed Oops mode in which the Java heap is
#     placed in the first 32GB address space. The Java Heap base address is the
#     maximum limit for the native heap growth. Please use -XX:HeapBaseMinAddress
#     to set the Java Heap base and to place the Java Heap above 32GB virtual address.
# This output file may be truncated or incomplete.
#
#  Out of Memory Error (virtualSpaceNode.cpp:112), pid=12848, tid=34392
#
# JRE version: OpenJDK Runtime Environment (22.0.2+9) (build 22.0.2+9-70)
# Java VM: OpenJDK 64-Bit Server VM (22.0.2+9-70, mixed mode, emulated-client, sharing, tiered, compressed oops, compressed class ptrs, g1 gc, windows-amd64)
# No core dump will be written. Minidumps are not enabled by default on client versions of Windows
#

---------------  S U M M A R Y ------------

Command Line: -XX:TieredStopAtLevel=1 -Dspring.output.ansi.enabled=always -Dcom.sun.management.jmxremote -Dspring.jmx.enabled=true -Dspring.liveBeansView.mbeanDomain -Dspring.application.admin.enabled=true -Dmanagement.endpoints.jmx.exposure.include=* -javaagent:C:\Program Files\JetBrains\IntelliJ IDEA 2024.2.0.1\lib\idea_rt.jar=60652:C:\Program Files\JetBrains\IntelliJ IDEA 2024.2.0.1\bin -Dfile.encoding=UTF-8 -Dsun.stdout.encoding=UTF-8 -Dsun.stderr.encoding=UTF-8 com.fpt.config.JpapracticeApplication

Host: 11th Gen Intel(R) Core(TM) i5-1135G7 @ 2.40GHz, 8 cores, 23G,  Windows 11 , 64 bit Build 22621 (10.0.22621.5015)
Time: Wed Mar 26 21:40:14 2025 SE Asia Standard Time elapsed time: 1.681156 seconds (0d 0h 0m 1s)

---------------  T H R E A D  ---------------

Current thread (0x0000022848e8f020):  JavaThread "restartedMain"        [_thread_in_vm, id=34392, stack(0x00000084d3200000,0x00000084d3300000) (1024K)]

Stack: [0x00000084d3200000,0x00000084d3300000]
Native frames: (J=compiled Java code, j=interpreted, Vv=VM code, C=native code)
V  [jvm.dll+0x6e26e9]  (no source info available)
V  [jvm.dll+0x875753]  (no source info available)
V  [jvm.dll+0x877b7e]  (no source info available)
V  [jvm.dll+0x878253]  (no source info available)
V  [jvm.dll+0x27fc86]  (no source info available)
V  [jvm.dll+0x87139e]  (no source info available)
V  [jvm.dll+0x685755]  (no source info available)
V  [jvm.dll+0x1e3cdc]  (no source info available)
V  [jvm.dll+0x1e3aae]  (no source info available)
V  [jvm.dll+0x6880a8]  (no source info available)
V  [jvm.dll+0x224f6c]  (no source info available)
V  [jvm.dll+0x68616e]  (no source info available)
V  [jvm.dll+0x3c3acf]  (no source info available)
V  [jvm.dll+0x20d28b]  (no source info available)
V  [jvm.dll+0x5c4ab9]  (no source info available)
V  [jvm.dll+0x7ec826]  (no source info available)
V  [jvm.dll+0x47ce96]  (no source info available)
V  [jvm.dll+0x482d48]  (no source info available)
C  [java.dll+0x17e4]  (no source info available)
C  0x000002287543512c  (no source info available)

The last pc belongs to native nmethod (printed below).
Java frames: (J=compiled Java code, j=interpreted, Vv=VM code)
J 1551  java.lang.ClassLoader.defineClass1(Ljava/lang/ClassLoader;Ljava/lang/String;[BIILjava/security/ProtectionDomain;Ljava/lang/String;)Ljava/lang/Class; java.base@22.0.2 (0 bytes) @ 0x0000022875435091 [0x0000022875434fc0+0x00000000000000d1]
J 1558 c1 java.lang.ClassLoader.defineClass(Ljava/lang/String;[BIILjava/security/ProtectionDomain;)Ljava/lang/Class; java.base@22.0.2 (43 bytes) @ 0x000002287543a284 [0x000002287543a160+0x0000000000000124]
J 1559 c1 jdk.internal.loader.BuiltinClassLoader.defineClass(Ljava/lang/String;Ljdk/internal/loader/Resource;)Ljava/lang/Class; java.base@22.0.2 (121 bytes) @ 0x000002287543cca4 [0x000002287543c740+0x0000000000000564]
J 1555 c1 jdk.internal.loader.BuiltinClassLoader.findClassOnClassPathOrNull(Ljava/lang/String;)Ljava/lang/Class; java.base@22.0.2 (64 bytes) @ 0x000002287543adb4 [0x000002287543aae0+0x00000000000002d4]
J 1332 c1 jdk.internal.loader.BuiltinClassLoader.loadClassOrNull(Ljava/lang/String;Z)Ljava/lang/Class; java.base@22.0.2 (143 bytes) @ 0x00000228753cddec [0x00000228753cd9e0+0x000000000000040c]
J 1428 c1 jdk.internal.loader.ClassLoaders$AppClassLoader.loadClass(Ljava/lang/String;Z)Ljava/lang/Class; java.base@22.0.2 (40 bytes) @ 0x00000228753fa60c [0x00000228753fa5c0+0x000000000000004c]
J 1417 c1 java.lang.ClassLoader.loadClass(Ljava/lang/String;)Ljava/lang/Class; java.base@22.0.2 (7 bytes) @ 0x00000228753f6af4 [0x00000228753f6aa0+0x0000000000000054]
v  ~StubRoutines::call_stub 0x0000022874f0100d
J 1347  java.lang.Class.forName0(Ljava/lang/String;ZLjava/lang/ClassLoader;Ljava/lang/Class;)Ljava/lang/Class; java.base@22.0.2 (0 bytes) @ 0x00000228753d565f [0x00000228753d55c0+0x000000000000009f]
J 1350 c1 java.lang.Class.forName(Ljava/lang/String;ZLjava/lang/ClassLoader;Ljava/lang/Class;)Ljava/lang/Class; java.base@22.0.2 (41 bytes) @ 0x00000228753d8ac4 [0x00000228753d8aa0+0x0000000000000024]
J 1777 c1 sun.reflect.generics.visitor.Reifier.visitClassTypeSignature(Lsun/reflect/generics/tree/ClassTypeSignature;)V java.base@22.0.2 (381 bytes) @ 0x0000022875497fb4 [0x0000022875497be0+0x00000000000003d4]
J 1776 c1 sun.reflect.generics.tree.ClassTypeSignature.accept(Lsun/reflect/generics/visitor/TypeTreeVisitor;)V java.base@22.0.2 (8 bytes) @ 0x0000022875495e44 [0x0000022875495dc0+0x0000000000000084]
j  sun.reflect.annotation.AnnotationParser.parseSig(Ljava/lang/String;Ljava/lang/Class;)Ljava/lang/Class;+44 java.base@22.0.2
j  sun.reflect.annotation.AnnotationParser.parseClassValue(Ljava/nio/ByteBuffer;Ljdk/internal/reflect/ConstantPool;Ljava/lang/Class;)Ljava/lang/Object;+18 java.base@22.0.2
j  sun.reflect.annotation.AnnotationParser.parseMemberValue(Ljava/lang/Class;Ljava/nio/ByteBuffer;Ljdk/internal/reflect/ConstantPool;Ljava/lang/Class;)Ljava/lang/Object;+63 java.base@22.0.2
j  java.lang.reflect.Method.getDefaultValue()Ljava/lang/Object;+41 java.base@22.0.2
j  sun.reflect.annotation.AnnotationType.<init>(Ljava/lang/Class;)V+216 java.base@22.0.2
j  sun.reflect.annotation.AnnotationType.getInstance(Ljava/lang/Class;)Lsun/reflect/annotation/AnnotationType;+21 java.base@22.0.2
j  sun.reflect.annotation.AnnotationParser.parseAnnotation2(Ljava/nio/ByteBuffer;Ljdk/internal/reflect/ConstantPool;Ljava/lang/Class;Z[Ljava/lang/Class;)Ljava/lang/annotation/Annotation;+103 java.base@22.0.2
j  sun.reflect.annotation.AnnotationParser.parseAnnotations2([BLjdk/internal/reflect/ConstantPool;Ljava/lang/Class;[Ljava/lang/Class;)Ljava/util/Map;+41 java.base@22.0.2
J 2374 c1 sun.reflect.annotation.AnnotationParser.parseAnnotations([BLjdk/internal/reflect/ConstantPool;Ljava/lang/Class;)Ljava/util/Map; java.base@22.0.2 (37 bytes) @ 0x000002287557e7b4 [0x000002287557e760+0x0000000000000054]
j  java.lang.Class.createAnnotationData(I)Ljava/lang/Class$AnnotationData;+9 java.base@22.0.2
j  java.lang.Class.annotationData()Ljava/lang/Class$AnnotationData;+26 java.base@22.0.2
j  java.lang.Class.getDeclaredAnnotations()[Ljava/lang/annotation/Annotation;+1 java.base@22.0.2
j  org.springframework.core.annotation.AnnotationsScanner.getDeclaredAnnotations(Ljava/lang/reflect/AnnotatedElement;Z)[Ljava/lang/annotation/Annotation;+25
j  org.springframework.core.annotation.AnnotationsScanner.isKnownEmpty(Ljava/lang/reflect/AnnotatedElement;Lorg/springframework/core/annotation/MergedAnnotations$SearchStrategy;Ljava/util/function/Predicate;)Z+47
j  org.springframework.core.annotation.TypeMappedAnnotations.from(Ljava/lang/reflect/AnnotatedElement;Lorg/springframework/core/annotation/MergedAnnotations$SearchStrategy;Ljava/util/function/Predicate;Lorg/springframework/core/annotation/RepeatableContainers;Lorg/springframework/core/annotation/AnnotationFilter;)Lorg/springframework/core/annotation/MergedAnnotations;+3
j  org.springframework.core.annotation.MergedAnnotations.from(Ljava/lang/reflect/AnnotatedElement;Lorg/springframework/core/annotation/MergedAnnotations$SearchStrategy;Ljava/util/function/Predicate;Lorg/springframework/core/annotation/RepeatableContainers;Lorg/springframework/core/annotation/AnnotationFilter;)Lorg/springframework/core/annotation/MergedAnnotations;+37
j  org.springframework.core.annotation.MergedAnnotations.from(Ljava/lang/reflect/AnnotatedElement;Lorg/springframework/core/annotation/MergedAnnotations$SearchStrategy;Lorg/springframework/core/annotation/RepeatableContainers;Lorg/springframework/core/annotation/AnnotationFilter;)Lorg/springframework/core/annotation/MergedAnnotations;+7
j  org.springframework.core.annotation.MergedAnnotations.from(Ljava/lang/reflect/AnnotatedElement;Lorg/springframework/core/annotation/MergedAnnotations$SearchStrategy;Lorg/springframework/core/annotation/RepeatableContainers;)Lorg/springframework/core/annotation/MergedAnnotations;+6
j  org.springframework.core.type.StandardAnnotationMetadata.<init>(Ljava/lang/Class;Z)V+13
j  org.springframework.core.type.StandardAnnotationMetadata.from(Ljava/lang/Class;)Lorg/springframework/core/type/AnnotationMetadata;+6
j  org.springframework.core.type.AnnotationMetadata.introspect(Ljava/lang/Class;)Lorg/springframework/core/type/AnnotationMetadata;+1
j  org.springframework.beans.factory.annotation.AnnotatedGenericBeanDefinition.<init>(Ljava/lang/Class;)V+11
j  org.springframework.context.annotation.AnnotatedBeanDefinitionReader.doRegisterBean(Ljava/lang/Class;Ljava/lang/String;[Ljava/lang/Class;Ljava/util/function/Supplier;[Lorg/springframework/beans/factory/config/BeanDefinitionCustomizer;)V+5
j  org.springframework.context.annotation.AnnotatedBeanDefinitionReader.registerBean(Ljava/lang/Class;)V+6
j  org.springframework.context.annotation.AnnotatedBeanDefinitionReader.register([Ljava/lang/Class;)V+23
j  org.springframework.boot.BeanDefinitionLoader.load(Ljava/lang/Class;)V+63
j  org.springframework.boot.BeanDefinitionLoader.load(Ljava/lang/Object;)V+20
j  org.springframework.boot.BeanDefinitionLoader.load()V+23
j  org.springframework.boot.SpringApplication.load(Lorg/springframework/context/ApplicationContext;[Ljava/lang/Object;)V+85
j  org.springframework.boot.SpringApplication.prepareContext(Lorg/springframework/boot/DefaultBootstrapContext;Lorg/springframework/context/ConfigurableApplicationContext;Lorg/springframework/core/env/ConfigurableEnvironment;Lorg/springframework/boot/SpringApplicationRunListeners;Lorg/springframework/boot/ApplicationArguments;Lorg/springframework/boot/Banner;)V+258
j  org.springframework.boot.SpringApplication.run([Ljava/lang/String;)Lorg/springframework/context/ConfigurableApplicationContext;+107
j  org.springframework.boot.SpringApplication.run([Ljava/lang/Class;[Ljava/lang/String;)Lorg/springframework/context/ConfigurableApplicationContext;+9
j  org.springframework.boot.SpringApplication.run(Ljava/lang/Class;[Ljava/lang/String;)Lorg/springframework/context/ConfigurableApplicationContext;+9
j  com.fpt.config.JpapracticeApplication.main([Ljava/lang/String;)V+3
j  java.lang.invoke.LambdaForm$DMH+0x0000022804003400.invokeStatic(Ljava/lang/Object;Ljava/lang/Object;)V+10 java.base@22.0.2
j  java.lang.invoke.LambdaForm$MH+0x000002280411d000.invoke(Ljava/lang/Object;Ljava/lang/Object;Ljava/lang/Object;)Ljava/lang/Object;+33 java.base@22.0.2
j  java.lang.invoke.Invokers$Holder.invokeExact_MT(Ljava/lang/Object;Ljava/lang/Object;Ljava/lang/Object;Ljava/lang/Object;)Ljava/lang/Object;+20 java.base@22.0.2
j  jdk.internal.reflect.DirectMethodHandleAccessor.invokeImpl(Ljava/lang/Object;[Ljava/lang/Object;)Ljava/lang/Object;+55 java.base@22.0.2
j  jdk.internal.reflect.DirectMethodHandleAccessor.invoke(Ljava/lang/Object;[Ljava/lang/Object;)Ljava/lang/Object;+23 java.base@22.0.2
j  java.lang.reflect.Method.invoke(Ljava/lang/Object;[Ljava/lang/Object;)Ljava/lang/Object;+102 java.base@22.0.2
j  org.springframework.boot.devtools.restart.RestartLauncher.run()V+47
v  ~StubRoutines::call_stub 0x0000022874f0100d

Compiled method (n/a) 1761 1551     n 0       java.lang.ClassLoader::defineClass1 (native)
 total in heap  [0x0000022875434e10,0x0000022875435570] = 1888
 relocation     [0x0000022875434f68,0x0000022875434fa8] = 64
 main code      [0x0000022875434fc0,0x000002287543556f] = 1455
 stub code      [0x000002287543556f,0x0000022875435570] = 1

[Constant Pool (empty)]

[MachCode]
[Entry Point]
  # {method} {0x00000228033fde78} 'defineClass1' '(Ljava/lang/ClassLoader;Ljava/lang/String;[BIILjava/security/ProtectionDomain;Ljava/lang/String;)Ljava/lang/Class;' in 'java/lang/ClassLoader'
  # parm0:    rdx:rdx   = 'java/lang/ClassLoader'
  # parm1:    r8:r8     = 'java/lang/String'
  # parm2:    r9:r9     = '[B'
  # parm3:    rdi       = int
  # parm4:    rsi       = int
  # parm5:    rcx:rcx   = 'java/security/ProtectionDomain'
  # parm6:    [sp+0xa0]   = 'java/lang/String'  (sp of caller)
  0x0000022875434fc0: 448b 5208 | 49bb 0000 | 0003 2802 | 0000 4d03 | d349 3bc2 | 0f84 0600 

  0x0000022875434fd8: ;   {runtime_call ic_miss_stub}
  0x0000022875434fd8: 0000 e9a1 | 99b1 ff90 
[Verified Entry Point]
  0x0000022875434fe0: 8984 2400 | 80ff ff55 | 488b ec48 | 81ec 9000 | 0000 6690 | 4181 7f20 | 0100 0000 

  0x0000022875434ffc: ;   {runtime_call StubRoutines (final stubs)}
  0x0000022875434ffc: 7405 e87d | 1ab0 ff48 | 837d 1000 | 488d 4510 | 480f 4445 | 1048 8944 | 2440 4889 | 4c24 7048 
  0x000002287543501c: 83f9 0048 | 8d44 2470 | 480f 4444 | 2470 4889 | 4424 3848 | 8974 2430 | 4889 7c24 | 284c 894c 
  0x000002287543503c: 2458 4983 | f900 488d | 4424 5848 | 0f44 4424 | 5848 8944 | 2420 4c89 | 4424 5049 | 83f8 004c 
  0x000002287543505c: 8d4c 2450 | 4c0f 444c | 2450 4889 | 5424 4848 | 83fa 004c | 8d44 2448 | 4c0f 4444 

  0x0000022875435078: ;   {oop(a 'java/lang/Class'{0x00000006835c2780} = 'java/lang/ClassLoader')}
  0x0000022875435078: 2448 49be | 8027 5c83 | 0600 0000 | 4c89 7424 | 784c 8d74 | 2478 498b | d6c5 f877 

  0x0000022875435094: ;   {internal_word}
  0x0000022875435094: 49ba 9150 | 4375 2802 | 0000 4d89 | 97a8 0300 | 0049 89a7 | a003 0000 

  0x00000228754350ac: ;   {external_word}
  0x00000228754350ac: 49ba 6c40 | 1bfe f97f | 0000 4180 | 3a00 0f84 | 4e00 0000 | 5241 5041 

  0x00000228754350c4: ;   {metadata({method} {0x00000228033fde78} 'defineClass1' '(Ljava/lang/ClassLoader;Ljava/lang/String;[BIILjava/security/ProtectionDomain;Ljava/lang/String;)Ljava/lang/Class;' in 'java/lang/ClassLoader')}
  0x00000228754350c4: 5148 ba70 | de3f 0328 | 0200 0049 | 8bcf 4883 | ec20 40f6 | c40f 0f84 | 1900 0000 | 4883 ec08 
  0x00000228754350e4: ;   {runtime_call}
  0x00000228754350e4: 48b8 80b9 | cbfd f97f | 0000 ffd0 | 4883 c408 | e90c 0000 

  0x00000228754350f8: ;   {runtime_call}
  0x00000228754350f8: 0048 b880 | b9cb fdf9 | 7f00 00ff | d048 83c4 | 2041 5941 | 585a 498d | 8fc0 0300 | 0041 c787 
  0x0000022875435118: 5404 0000 | 0400 0000 

  0x0000022875435120: ;   {runtime_call}
  0x0000022875435120: 48b8 a416 | b9a5 fa7f | 0000 ffd0 | c5f8 7741 | c787 5404 | 0000 0500 | 0000 f083 | 4424 c000 
  0x0000022875435140: 493b af58 | 0400 000f | 870e 0000 | 0041 83bf | 5004 0000 | 000f 842b | 0000 00c5 | f877 4889 
  0x0000022875435160: 45f8 498b | cf4c 8be4 | 4883 ec20 | 4883 e4f0 

  0x0000022875435170: ;   {runtime_call}
  0x0000022875435170: 48b8 4023 | 96fd f97f | 0000 ffd0 | 498b e44d | 33e4 488b | 45f8 41c7 | 8754 0400 | 0008 0000 
  0x0000022875435190: 0041 83bf | d004 0000 | 020f 84a3 

  0x000002287543519c: ;   {external_word}
  0x000002287543519c: 0300 0049 | ba6c 401b | fef9 7f00 | 0041 803a | 000f 844c | 0000 0048 

  0x00000228754351b4: ;   {metadata({method} {0x00000228033fde78} 'defineClass1' '(Ljava/lang/ClassLoader;Ljava/lang/String;[BIILjava/security/ProtectionDomain;Ljava/lang/String;)Ljava/lang/Class;' in 'java/lang/ClassLoader')}
  0x00000228754351b4: 8945 f848 | ba70 de3f | 0328 0200 | 0049 8bcf | 4883 ec20 | 40f6 c40f | 0f84 1900 | 0000 4883 
  0x00000228754351d4: ;   {runtime_call}
  0x00000228754351d4: ec08 48b8 | 80b9 cbfd | f97f 0000 | ffd0 4883 | c408 e90c 

  0x00000228754351e8: ;   {runtime_call}
  0x00000228754351e8: 0000 0048 | b880 b9cb | fdf9 7f00 | 00ff d048 | 83c4 2048 | 8b45 f849 | c787 a003 | 0000 0000 
  0x0000022875435208: 0000 49c7 | 87a8 0300 | 0000 0000 | 00c5 f877 | 4885 c00f | 84fe 0200 | 00a8 030f | 8508 0000 
  0x0000022875435228: 0048 8b00 | e9ee 0200 | 00a8 010f | 8509 0000 | 0048 8b40 | fee9 dd02 | 0000 488b | 40ff 4180 
  0x0000022875435248: 7f38 000f | 84ce 0200 | 0048 83f8 | 000f 84c4 | 0200 0049 | 8b4f 2848 | 83f9 000f | 8414 0000 
  0x0000022875435268: 0048 83e9 | 0849 894f | 2849 034f | 3048 8901 | e9a2 0200 | 0048 81ec | 5001 0000 | 4889 0424 
  0x0000022875435288: 4889 4c24 | 0848 8954 | 2410 4889 | 7424 1848 | 897c 2420 | 4c89 4424 | 284c 894c | 2430 4c89 
  0x00000228754352a8: 5424 384c | 895c 2440 | c5fb 1144 | 2450 c5fb | 114c 2458 | c5fb 1154 | 2460 c5fb | 115c 2468 
  0x00000228754352c8: c5fb 1164 | 2470 c5fb | 116c 2478 | c5fb 11b4 | 2480 0000 | 00c5 fb11 | bc24 8800 | 0000 c57b 
  0x00000228754352e8: ;   {no_reloc}
  0x00000228754352e8: 1184 2490 | 0000 00c5 | 7b11 8c24 | 9800 0000 | c57b 1194 | 24a0 0000 | 00c5 7b11 | 9c24 a800 
  0x0000022875435308: 0000 c57b | 11a4 24b0 | 0000 00c5 | 7b11 ac24 | b800 0000 | c57b 11b4 | 24c0 0000 | 00c5 7b11 
  0x0000022875435328: bc24 c800 | 0000 62e1 | ff08 1144 | 241a 62e1 | ff08 114c | 241b 62e1 | ff08 1154 | 241c 62e1 
  0x0000022875435348: ff08 115c | 241d 62e1 | ff08 1164 | 241e 62e1 | ff08 116c | 241f 62e1 | ff08 1174 | 2420 62e1 
  0x0000022875435368: ff08 117c | 2421 6261 | ff08 1144 | 2422 6261 | ff08 114c | 2423 6261 | ff08 1154 | 2424 6261 
  0x0000022875435388: ff08 115c | 2425 6261 | ff08 1164 | 2426 6261 | ff08 116c | 2427 6261 | ff08 1174 | 2428 6261 
  0x00000228754353a8: ff08 117c | 2429 498b | d748 8bc8 | 4883 ec20 | 40f6 c40f | 0f84 1900 | 0000 4883 

  0x00000228754353c4: ;   {runtime_call}
  0x00000228754353c4: ec08 48b8 | 303f 89fd | f97f 0000 | ffd0 4883 | c408 e90c 

  0x00000228754353d8: ;   {runtime_call}
  0x00000228754353d8: 0000 0048 | b830 3f89 | fdf9 7f00 | 00ff d048 | 83c4 2062 | 61ff 0810 | 7c24 2962 | 61ff 0810 
  0x00000228754353f8: 7424 2862 | 61ff 0810 | 6c24 2762 | 61ff 0810 | 6424 2662 | 61ff 0810 | 5c24 2562 | 61ff 0810 
  0x0000022875435418: 5424 2462 | 61ff 0810 | 4c24 2362 | 61ff 0810 | 4424 2262 | e1ff 0810 | 7c24 2162 | e1ff 0810 
  0x0000022875435438: 7424 2062 | e1ff 0810 | 6c24 1f62 | e1ff 0810 | 6424 1e62 | e1ff 0810 | 5c24 1d62 | e1ff 0810 
  0x0000022875435458: 5424 1c62 | e1ff 0810 | 4c24 1b62 | e1ff 0810 | 4424 1ac5 | 7b10 bc24 | c800 0000 | c57b 10b4 
  0x0000022875435478: 24c0 0000 | 00c5 7b10 | ac24 b800 | 0000 c57b | 10a4 24b0 | 0000 00c5 | 7b10 9c24 | a800 0000 
  0x0000022875435498: c57b 1094 | 24a0 0000 | 00c5 7b10 | 8c24 9800 | 0000 c57b | 1084 2490 | 0000 00c5 | fb10 bc24 
  0x00000228754354b8: 8800 0000 | c5fb 10b4 | 2480 0000 | 00c5 fb10 | 6c24 78c5 | fb10 6424 | 70c5 fb10 | 5c24 68c5 
  0x00000228754354d8: ;   {no_reloc}
  0x00000228754354d8: fb10 5424 | 60c5 fb10 | 4c24 58c5 | fb10 4424 | 504c 8b5c | 2440 4c8b | 5424 384c | 8b4c 2430 
  0x00000228754354f8: 4c8b 4424 | 2848 8b7c | 2420 488b | 7424 1848 | 8b54 2410 | 488b 4c24 | 0848 8b04 | 2448 81c4 
  0x0000022875435518: 5001 0000 | c5f8 7749 | 8b8f 3004 | 0000 c781 | 0001 0000 | 0000 0000 | c949 837f | 0800 0f85 
  0x0000022875435538: 0100 0000 

  0x000002287543553c: ;   {runtime_call StubRoutines (initial stubs)}
  0x000002287543553c: c3e9 beb9 | acff c5f8 | 7748 8945 | f84c 8be4 | 4883 ec20 | 4883 e4f0 

  0x0000022875435554: ;   {runtime_call}
  0x0000022875435554: 48b8 d0f1 | cbfd f97f | 0000 ffd0 | 498b e44d | 33e4 488b | 45f8 e930 | fcff fff4 
[/MachCode]


Compiled method (c1) 1775 1558       1       java.lang.ClassLoader::defineClass (43 bytes)
 total in heap  [0x0000022875439f90,0x000002287543a558] = 1480
 relocation     [0x000002287543a0e8,0x000002287543a158] = 112
 main code      [0x000002287543a160,0x000002287543a328] = 456
 stub code      [0x000002287543a328,0x000002287543a3a0] = 120
 metadata       [0x000002287543a3a0,0x000002287543a3d0] = 48
 scopes data    [0x000002287543a3d0,0x000002287543a488] = 184
 scopes pcs     [0x000002287543a488,0x000002287543a528] = 160
 dependencies   [0x000002287543a528,0x000002287543a530] = 8
 nul chk table  [0x000002287543a530,0x000002287543a558] = 40

[Constant Pool (empty)]

[MachCode]
[Entry Point]
  # {method} {0x00000228033fe1f8} 'defineClass' '(Ljava/lang/String;[BIILjava/security/ProtectionDomain;)Ljava/lang/Class;' in 'java/lang/ClassLoader'
  # this:     rdx:rdx   = 'java/lang/ClassLoader'
  # parm0:    r8:r8     = 'java/lang/String'
  # parm1:    r9:r9     = '[B'
  # parm2:    rdi       = int
  # parm3:    rsi       = int
  # parm4:    rcx:rcx   = 'java/security/ProtectionDomain'
  #           [sp+0xc0]  (sp of caller)
  0x000002287543a160: 448b 5208 | 49bb 0000 | 0003 2802 | 0000 4d03 | d34c 3bd0 

  0x000002287543a174: ;   {runtime_call ic_miss_stub}
  0x000002287543a174: 0f85 0648 | b1ff 660f | 1f44 0000 
[Verified Entry Point]
  0x000002287543a180: 8984 2400 | 80ff ff55 | 4881 ecb0 | 0000 0090 | 4181 7f20 | 0100 0000 

  0x000002287543a198: ;   {runtime_call StubRoutines (final stubs)}
  0x000002287543a198: 7405 e8e1 | c8af ff48 | 8954 2478 | 89b4 2494 | 0000 0089 | bc24 9000 | 0000 4c89 | 8c24 8800 
  0x000002287543a1b8: 0000 498b | d84c 8bc3 | 4c8b c948 | 8bca 488b | d148 899c | 2480 0000 | 0066 0f1f 

  0x000002287543a1d4: ;   {optimized virtual_call}
  0x000002287543a1d4: 4400 00e8 

  0x000002287543a1d8: ; ImmutableOopMap {[120]=Oop [128]=Oop [136]=Oop }
                      ;*invokevirtual preDefineClass {reexecute=0 rethrow=0 return_oop=0}
                      ; - java.lang.ClassLoader::defineClass@4 (line 1021)
  0x000002287543a1d8: 64e2 ffff 

  0x000002287543a1dc: ;   {other}
  0x000002287543a1dc: 0f1f 8400 | 4c02 0000 | 4889 8424 | 9800 0000 

  0x000002287543a1ec: ; implicit exception: dispatches to 0x000002287543a2d2
  0x000002287543a1ec: 448b 4010 | 49c1 e003 | 4d85 c00f | 850f 0000 

  0x000002287543a1fc: ;   {oop(nullptr)}
  0x000002287543a1fc: 0048 bb00 | 0000 0000 | 0000 00e9 | 4300 0000 

  0x000002287543a20c: ; implicit exception: dispatches to 0x000002287543a2d7
  0x000002287543a20c: 458b 400c | 49c1 e003 | 4d85 c00f | 850f 0000 

  0x000002287543a21c: ;   {oop(nullptr)}
  0x000002287543a21c: 0048 bb00 | 0000 0000 | 0000 00e9 | 2300 0000 

  0x000002287543a22c: ; implicit exception: dispatches to 0x000002287543a2dc
  0x000002287543a22c: 418b 5038 | 48c1 e203 

  0x000002287543a234: ; implicit exception: dispatches to 0x000002287543a2e1
                      ;   {optimized virtual_call}
  0x000002287543a234: 483b 02e8 

  0x000002287543a238: ; ImmutableOopMap {[120]=Oop [128]=Oop [136]=Oop [152]=Oop }
                      ;*invokevirtual toExternalForm {reexecute=0 rethrow=0 return_oop=0}
                      ; - java.net.URL::toExternalForm@5 (line 1203)
                      ; - java.net.URL::toString@1 (line 1189)
                      ; - java.lang.ClassLoader::defineClassSourceLocation@22 (line 925)
                      ; - java.lang.ClassLoader::defineClass@12 (line 1022)
  0x000002287543a238: c4d8 fcff 

  0x000002287543a23c: ;   {other}
  0x000002287543a23c: 0f1f 8400 | ac02 0001 | 488b d848 | 8b84 2498 | 0000 008b | b424 9400 | 0000 8bbc | 2490 0000 
  0x000002287543a25c: 004c 8b8c | 2488 0000 | 004c 8b84 | 2480 0000 | 0048 8b54 | 2478 4c8b | da49 8bd3 | 488b c848 
  0x000002287543a27c: ;   {static_call}
  0x000002287543a27c: 891c 24e8 

  0x000002287543a280: ; ImmutableOopMap {[120]=Oop [152]=Oop }
                      ;*invokestatic defineClass1 {reexecute=0 rethrow=0 return_oop=0}
                      ; - java.lang.ClassLoader::defineClass@27 (line 1023)
  0x000002287543a280: 5cad ffff 

  0x000002287543a284: ;   {other}
  0x000002287543a284: 0f1f 8400 | f402 0002 | 4c8b c04c | 8b8c 2498 | 0000 0048 | 8b54 2478 | 4889 8424 | a000 0000 
  0x000002287543a2a4: ;   {optimized virtual_call}
  0x000002287543a2a4: 6666 90e8 

  0x000002287543a2a8: ; ImmutableOopMap {[160]=Oop }
                      ;*invokevirtual postDefineClass {reexecute=0 rethrow=0 return_oop=0}
                      ; - java.lang.ClassLoader::defineClass@37 (line 1024)
  0x000002287543a2a8: 54d0 ffff 

  0x000002287543a2ac: ;   {other}
  0x000002287543a2ac: 0f1f 8400 | 1c03 0003 | 488b 8424 | a000 0000 | 4881 c4b0 | 0000 005d 

  0x000002287543a2c4: ;   {poll_return}
  0x000002287543a2c4: 493b a758 | 0400 000f | 8715 0000 

  0x000002287543a2d0: ;   {runtime_call throw_null_pointer_exception Runtime1 stub}
  0x000002287543a2d0: 00c3 e849 

  0x000002287543a2d4: ; ImmutableOopMap {rax=Oop [120]=Oop [128]=Oop [136]=Oop [152]=Oop }
                      ;*invokevirtual getCodeSource {reexecute=0 rethrow=0 return_oop=0}
                      ; - java.lang.ClassLoader::defineClassSourceLocation@1 (line 922)
                      ; - java.lang.ClassLoader::defineClass@12 (line 1022)
                      ;   {runtime_call throw_null_pointer_exception Runtime1 stub}
  0x000002287543a2d4: 74bd ffe8 

  0x000002287543a2d8: ; ImmutableOopMap {rax=Oop [120]=Oop [128]=Oop [136]=Oop [152]=Oop }
                      ;*invokevirtual getLocation {reexecute=0 rethrow=0 return_oop=0}
                      ; - java.lang.ClassLoader::defineClassSourceLocation@12 (line 924)
                      ; - java.lang.ClassLoader::defineClass@12 (line 1022)
  0x000002287543a2d8: 4474 bdff 

  0x000002287543a2dc: ;   {runtime_call throw_null_pointer_exception Runtime1 stub}
  0x000002287543a2dc: e83f 74bd 

  0x000002287543a2e0: ; ImmutableOopMap {r8=Oop [120]=Oop [128]=Oop [136]=Oop [152]=Oop }
                      ;*invokevirtual toString {reexecute=0 rethrow=0 return_oop=0}
                      ; - java.lang.ClassLoader::defineClassSourceLocation@22 (line 925)
                      ; - java.lang.ClassLoader::defineClass@12 (line 1022)
                      ;   {runtime_call throw_null_pointer_exception Runtime1 stub}
  0x000002287543a2e0: ffe8 3a74 

  0x000002287543a2e4: ; ImmutableOopMap {r8=Oop rdx=Oop [120]=Oop [128]=Oop [136]=Oop [152]=Oop }
                      ;*invokevirtual toExternalForm {reexecute=0 rethrow=0 return_oop=0}
                      ; - java.net.URL::toExternalForm@5 (line 1203)
                      ; - java.net.URL::toString@1 (line 1189)
                      ; - java.lang.ClassLoader::defineClassSourceLocation@22 (line 925)
                      ; - java.lang.ClassLoader::defineClass@12 (line 1022)
                      ;   {internal_word}
  0x000002287543a2e4: bdff 49ba | c4a2 4375 | 2802 0000 | 4d89 9770 

  0x000002287543a2f4: ;   {runtime_call SafepointBlob}
  0x000002287543a2f4: 0400 00e9 | 84c8 b1ff | 498b 8708 | 0500 0049 | c787 0805 | 0000 0000 | 0000 49c7 | 8710 0500 
  0x000002287543a314: 0000 0000 | 0048 81c4 | b000 0000 

  0x000002287543a320: ;   {runtime_call unwind_exception Runtime1 stub}
  0x000002287543a320: 5de9 da5e | bdff f4f4 
[Stub Code]
  0x000002287543a328: ;   {no_reloc}
  0x000002287543a328: 0f1f 4400 

  0x000002287543a32c: ;   {static_stub}
  0x000002287543a32c: 0048 bb00 | 0000 0000 

  0x000002287543a334: ;   {runtime_call}
  0x000002287543a334: 0000 00e9 | fbff ffff 

  0x000002287543a33c: ;   {static_stub}
  0x000002287543a33c: 48bb 0000 | 0000 0000 

  0x000002287543a344: ;   {runtime_call}
  0x000002287543a344: 0000 e9fb 

  0x000002287543a348: ;   {static_stub}
  0x000002287543a348: ffff ff48 | bb00 0000 | 0000 0000 

  0x000002287543a354: ;   {runtime_call}
  0x000002287543a354: 00e9 fbff 

  0x000002287543a358: ;   {static_stub}
  0x000002287543a358: ffff 48bb | 0000 0000 | 0000 0000 

  0x000002287543a364: ;   {runtime_call}
  0x000002287543a364: e9fb ffff 

  0x000002287543a368: ;   {runtime_call handle_exception_from_callee Runtime1 stub}
  0x000002287543a368: ffe8 12b1 

  0x000002287543a36c: ;   {external_word}
  0x000002287543a36c: bdff 48b9 | b028 f3fd | f97f 0000 | 4883 e4f0 

  0x000002287543a37c: ;   {runtime_call}
  0x000002287543a37c: 48b8 3099 | bafd f97f | 0000 ffd0 

  0x000002287543a388: ;   {section_word}
  0x000002287543a388: f449 ba89 | a343 7528 | 0200 0041 

  0x000002287543a394: ;   {runtime_call DeoptimizationBlob}
  0x000002287543a394: 52e9 86dc | b1ff f4f4 | f4f4 f4f4 
[/MachCode]


Compiled method (c1) 1784 1559       1       jdk.internal.loader.BuiltinClassLoader::defineClass (121 bytes)
 total in heap  [0x000002287543c490,0x000002287543d3b8] = 3880
 relocation     [0x000002287543c5e8,0x000002287543c730] = 328
 main code      [0x000002287543c740,0x000002287543ce18] = 1752
 stub code      [0x000002287543ce18,0x000002287543cf38] = 288
 metadata       [0x000002287543cf38,0x000002287543cf80] = 72
 scopes data    [0x000002287543cf80,0x000002287543d1d8] = 600
 scopes pcs     [0x000002287543d1d8,0x000002287543d378] = 416
 dependencies   [0x000002287543d378,0x000002287543d380] = 8
 handler table  [0x000002287543d380,0x000002287543d398] = 24
 nul chk table  [0x000002287543d398,0x000002287543d3b8] = 32

[Constant Pool (empty)]

[MachCode]
[Entry Point]
  # {method} {0x000002280305a4c8} 'defineClass' '(Ljava/lang/String;Ljdk/internal/loader/Resource;)Ljava/lang/Class;' in 'jdk/internal/loader/BuiltinClassLoader'
  # this:     rdx:rdx   = 'jdk/internal/loader/BuiltinClassLoader'
  # parm0:    r8:r8     = 'java/lang/String'
  # parm1:    r9:r9     = 'jdk/internal/loader/Resource'
  #           [sp+0x110]  (sp of caller)
  0x000002287543c740: 448b 5208 | 49bb 0000 | 0003 2802 | 0000 4d03 | d34c 3bd0 

  0x000002287543c754: ;   {runtime_call ic_miss_stub}
  0x000002287543c754: 0f85 2622 | b1ff 660f | 1f44 0000 
[Verified Entry Point]
  0x000002287543c760: 8984 2400 | 80ff ff55 | 4881 ec00 | 0100 0090 | 4181 7f20 | 0100 0000 

  0x000002287543c778: ;   {runtime_call StubRoutines (final stubs)}
  0x000002287543c778: 7405 e801 | a3af ff48 | 8994 24a0 | 0000 004c | 8984 2490 | 0000 004c | 898c 2498 | 0000 0049 
  0x000002287543c798: 8bd1 6666 | 9048 b870 | ee1b 0328 

  0x000002287543c7a4: ;   {virtual_call}
  0x000002287543c7a4: 0200 00e8 

  0x000002287543c7a8: ; ImmutableOopMap {[144]=Oop [152]=Oop [160]=Oop }
                      ;*invokevirtual getCodeSourceURL {reexecute=0 rethrow=0 return_oop=0}
                      ; - jdk.internal.loader.BuiltinClassLoader::defineClass@1 (line 842)
  0x000002287543c7a8: 7449 0000 

  0x000002287543c7ac: ;   {other}
  0x000002287543c7ac: 0f1f 8400 | 1c03 0000 | 4889 8424 | a800 0000 | 4c8b 8424 | 9000 0000 

  0x000002287543c7c4: ; implicit exception: dispatches to 0x000002287543cd12
  0x000002287543c7c4: 418b 7014 | 48c1 e603 

  0x000002287543c7cc: ; implicit exception: dispatches to 0x000002287543cd17
  0x000002287543c7cc: 8b56 0c45 | 0fbe 4810 | 498b c9c1 | e118 c1f9 | 18d3 fa48 | 8bfa ffcf | 4585 c9ba | 0000 0000 
  0x000002287543c7ec: 7505 ba01 | 0000 0083 | e201 85d2 | 488b d641 | b82e 0000 | 004c 8bcf | 0f84 1700 | 0000 0f1f 
  0x000002287543c80c: ;   {static_call}
  0x000002287543c80c: 4400 00e8 

  0x000002287543c810: ; ImmutableOopMap {[144]=Oop [152]=Oop [160]=Oop [168]=Oop }
                      ;*invokestatic lastIndexOf {reexecute=0 rethrow=0 return_oop=0}
                      ; - java.lang.String::lastIndexOf@13 (line 2615)
                      ; - java.lang.String::lastIndexOf@8 (line 2577)
                      ; - jdk.internal.loader.BuiltinClassLoader::defineClass@8 (line 845)
  0x000002287543c810: 2cc1 d4ff 

  0x000002287543c814: ;   {other}
  0x000002287543c814: 0f1f 8400 | 8403 0001 | e913 0000 | 0066 0f1f 

  0x000002287543c824: ;   {static_call}
  0x000002287543c824: 4400 00e8 

  0x000002287543c828: ; ImmutableOopMap {[144]=Oop [152]=Oop [160]=Oop [168]=Oop }
                      ;*invokestatic lastIndexOf {reexecute=0 rethrow=0 return_oop=0}
                      ; - java.lang.String::lastIndexOf@25 (line 2616)
                      ; - java.lang.String::lastIndexOf@8 (line 2577)
                      ; - jdk.internal.loader.BuiltinClassLoader::defineClass@8 (line 845)
  0x000002287543c828: 5430 b1ff 

  0x000002287543c82c: ;   {other}
  0x000002287543c82c: 0f1f 8400 | 9c03 0002 | 83f8 ff0f | 847f 0000 | 0041 b800 | 0000 004c | 8bc8 488b | 9424 9000 
  0x000002287543c84c: ;   {optimized virtual_call}
  0x000002287543c84c: 0000 90e8 

  0x000002287543c850: ; ImmutableOopMap {[144]=Oop [152]=Oop [160]=Oop [168]=Oop }
                      ;*invokevirtual substring {reexecute=0 rethrow=0 return_oop=0}
                      ; - jdk.internal.loader.BuiltinClassLoader::defineClass@23 (line 847)
  0x000002287543c850: 2c76 d4ff 

  0x000002287543c854: ;   {other}
  0x000002287543c854: 0f1f 8400 | c403 0003 | 488b 9424 | 9800 0000 | 4889 8424 | b000 0000 | 9048 b870 | ee1b 0328 
  0x000002287543c874: ;   {virtual_call}
  0x000002287543c874: 0200 00e8 

  0x000002287543c878: ; ImmutableOopMap {[144]=Oop [152]=Oop [160]=Oop [168]=Oop [176]=Oop }
                      ;*invokevirtual getManifest {reexecute=0 rethrow=0 return_oop=0}
                      ; - jdk.internal.loader.BuiltinClassLoader::defineClass@29 (line 848)
  0x000002287543c878: a460 0000 

  0x000002287543c87c: ;   {other}
  0x000002287543c87c: 0f1f 8400 | ec03 0004 | 4c8b 8424 | b000 0000 | 4c8b c848 | 8bbc 24a8 | 0000 0048 | 8b94 24a0 
  0x000002287543c89c: 0000 0066 | 0f1f 4400 | 0048 b808 | ab05 0328 

  0x000002287543c8ac: ;   {virtual_call}
  0x000002287543c8ac: 0200 00e8 

  0x000002287543c8b0: ; ImmutableOopMap {[144]=Oop [152]=Oop [160]=Oop [168]=Oop }
                      ;*invokevirtual defineOrCheckPackage {reexecute=0 rethrow=0 return_oop=0}
                      ; - jdk.internal.loader.BuiltinClassLoader::defineClass@40 (line 849)
  0x000002287543c8b0: 6cde ffff 

  0x000002287543c8b4: ;   {other}
  0x000002287543c8b4: 0f1f 8400 | 2404 0005 | 4c8b 8c24 | 9800 0000 | 488d 9424 | e000 0000 | 4c89 4a08 | 498b 0148 
  0x000002287543c8d4: 83c8 0148 | 8902 f049 | 0fb1 110f | 8412 0000 | 0048 2bc4 | 4825 07f0 | ffff 4889 | 020f 8525 
  0x000002287543c8f4: 0400 0049 | ff87 5805 | 0000 418b | 510c 48c1 | e203 4885 | d20f 8551 | 0000 0049 | 8bd1 6666 
  0x000002287543c914: 9048 b870 | ee1b 0328 

  0x000002287543c91c: ;   {virtual_call}
  0x000002287543c91c: 0200 00e8 

  0x000002287543c920: ; ImmutableOopMap {[144]=Oop [152]=Oop [160]=Oop [168]=Oop [232]=Oop }
                      ;*invokevirtual getInputStream {reexecute=0 rethrow=0 return_oop=0}
                      ; - jdk.internal.loader.Resource::cachedInputStream@9 (line 77)
                      ; - jdk.internal.loader.Resource::getByteBuffer@1 (line 163)
                      ; - jdk.internal.loader.BuiltinClassLoader::defineClass@45 (line 853)
  0x000002287543c920: 7c68 0000 

  0x000002287543c924: ;   {other}
  0x000002287543c924: 0f1f 8400 | 9404 0006 | 410f be57 | 3885 d24c | 8b8c 2498 | 0000 000f | 85ee 0300 | 004c 8bd0 
  0x000002287543c944: 49c1 ea03 | 4589 510c | 498b d148 | 33d0 48c1 | ea16 4883 | fa00 0f85 | ef03 0000 | 418b 510c 
  0x000002287543c964: 48c1 e203 | 488d 8424 | e000 0000 | 488b 3048 | 85f6 0f84 | 0f00 0000 | 488b 7808 | f048 0fb1 
  0x000002287543c984: 370f 85dc | 0300 0049 | ff8f 5805 | 0000 4885 | d20f 8443 

  0x000002287543c998: ;   {metadata('sun/nio/ByteBuffered')}
  0x000002287543c998: 0000 0048 | b8c0 742c | 0328 0200 | 008b 5a08 | 49ba 0000 | 0003 2802 | 0000 4903 | da48 3b43 
  0x000002287543c9b8: 200f 8424 | 0000 0048 | 3bd8 0f84 | 1b00 0000 

  0x000002287543c9c8: ;   {runtime_call slow_subtype_check Runtime1 stub}
  0x000002287543c9c8: 5350 e8b1 | 9cbd ff5b | 5b85 db0f | 8405 0000 | 00e9 0500 | 0000 4833 | f6eb 0748 | c7c6 0100 
  0x000002287543c9e8: 0000 85f6 | 0f84 6f00 | 0000 4885 | d20f 8443 

  0x000002287543c9f8: ;   {metadata('sun/nio/ByteBuffered')}
  0x000002287543c9f8: 0000 0048 | bbc0 742c | 0328 0200 | 008b 7a08 | 49ba 0000 | 0003 2802 | 0000 4903 | fa48 3b5f 
  0x000002287543ca18: 200f 841f | 0000 0048 | 3bfb 0f84 | 1600 0000 

  0x000002287543ca28: ;   {runtime_call slow_subtype_check Runtime1 stub}
  0x000002287543ca28: 5753 e851 | 9cbd ff5f | 5f85 ff0f | 8444 0300 | 00e9 0000 | 0000 0f1f | 8000 0000 | 0048 b8ff 
  0x000002287543ca48: ffff ffff 

  0x000002287543ca4c: ;   {virtual_call}
  0x000002287543ca4c: ffff ffe8 

  0x000002287543ca50: ; ImmutableOopMap {[144]=Oop [152]=Oop [160]=Oop [168]=Oop }
                      ;*invokeinterface getByteBuffer {reexecute=0 rethrow=0 return_oop=0}
                      ; - jdk.internal.loader.Resource::getByteBuffer@16 (line 165)
                      ; - jdk.internal.loader.BuiltinClassLoader::defineClass@45 (line 853)
  0x000002287543ca50: 2c29 b1ff 

  0x000002287543ca54: ;   {other}
  0x000002287543ca54: 0f1f 8400 | c405 0007 | e90a 0000 

  0x000002287543ca60: ;   {oop(nullptr)}
  0x000002287543ca60: 0048 b800 | 0000 0000 | 0000 0048 | 85c0 0f84 | 0601 0000 | 4889 8424 | b800 0000 | 488b 9424 
  0x000002287543ca80: 9800 0000 | 9048 b8ff | ffff ffff 

  0x000002287543ca8c: ;   {virtual_call}
  0x000002287543ca8c: ffff ffe8 

  0x000002287543ca90: ; ImmutableOopMap {[144]=Oop [160]=Oop [168]=Oop [184]=Oop }
                      ;*invokevirtual getCodeSigners {reexecute=0 rethrow=0 return_oop=0}
                      ; - jdk.internal.loader.BuiltinClassLoader::defineClass@56 (line 855)
  0x000002287543ca90: ec28 b1ff 

  0x000002287543ca94: ;   {other}
  0x000002287543ca94: 0f1f 8400 | 0406 0008 

  0x000002287543ca9c: ;   {metadata('java/security/CodeSource')}
  0x000002287543ca9c: 4c8b c848 | baf8 5800 | 0328 0200 | 0049 8b87 | b801 0000 | 488d 7828 | 493b bfc8 | 0100 000f 
  0x000002287543cabc: 87c5 0200 | 0049 89bf | b801 0000 | 48c7 0001 | 0000 0048 | 8bca 49ba | 0000 0003 | 2802 0000 
  0x000002287543cadc: 492b ca89 | 4808 4833 | c989 480c | 4833 c948 | 8948 1048 | 8948 1848 | 8948 204c | 8b84 24a8 
  0x000002287543cafc: 0000 0048 | 8bd0 4889 | 8424 c000 | 0000 0f1f 

  0x000002287543cb0c: ;   {optimized virtual_call}
  0x000002287543cb0c: 4400 00e8 

  0x000002287543cb10: ; ImmutableOopMap {[144]=Oop [160]=Oop [184]=Oop [192]=Oop }
                      ;*invokespecial <init> {reexecute=0 rethrow=0 return_oop=0}
                      ; - jdk.internal.loader.BuiltinClassLoader::defineClass@68 (line 856)
  0x000002287543cb10: 6c23 b1ff 

  0x000002287543cb14: ;   {other}
  0x000002287543cb14: 0f1f 8400 | 8406 0009 | 4c8b 8424 | c000 0000 | 488b 9424 | a000 0000 

  0x000002287543cb2c: ;   {optimized virtual_call}
  0x000002287543cb2c: 6666 90e8 

  0x000002287543cb30: ; ImmutableOopMap {[144]=Oop [160]=Oop [184]=Oop }
                      ;*invokevirtual getProtectionDomain {reexecute=0 rethrow=0 return_oop=0}
                      ; - java.security.SecureClassLoader::defineClass@5 (line 182)
                      ; - jdk.internal.loader.BuiltinClassLoader::defineClass@79 (line 857)
  0x000002287543cb30: 4c23 b1ff 

  0x000002287543cb34: ;   {other}
  0x000002287543cb34: 0f1f 8400 | a406 000a | 4c8b 8424 | 9000 0000 | 4c8b 8c24 | b800 0000 | 488b f848 | 8b94 24a0 
  0x000002287543cb54: ;   {optimized virtual_call}
  0x000002287543cb54: 0000 00e8 

  0x000002287543cb58: ; ImmutableOopMap {}
                      ;*invokevirtual defineClass {reexecute=0 rethrow=0 return_oop=0}
                      ; - java.security.SecureClassLoader::defineClass@8 (line 182)
                      ; - jdk.internal.loader.BuiltinClassLoader::defineClass@79 (line 857)
  0x000002287543cb58: 2423 b1ff 

  0x000002287543cb5c: ;   {other}
  0x000002287543cb5c: 0f1f 8400 | cc06 000b | 4881 c400 | 0100 005d 

  0x000002287543cb6c: ;   {poll_return}
  0x000002287543cb6c: 493b a758 | 0400 000f | 871a 0200 | 00c3 4c8b | 8c24 9800 | 0000 498b | d148 b870 | ee1b 0328 
  0x000002287543cb8c: ;   {virtual_call}
  0x000002287543cb8c: 0200 00e8 

  0x000002287543cb90: ; ImmutableOopMap {[144]=Oop [152]=Oop [160]=Oop [168]=Oop }
                      ;*invokevirtual getBytes {reexecute=0 rethrow=0 return_oop=0}
                      ; - jdk.internal.loader.BuiltinClassLoader::defineClass@84 (line 859)
  0x000002287543cb90: 4c72 0000 

  0x000002287543cb94: ;   {other}
  0x000002287543cb94: 0f1f 8400 | 0407 000c | 4889 8424 | c800 0000 | 488b 9424 | 9800 0000 | 9048 b870 | ee1b 0328 
  0x000002287543cbb4: ;   {virtual_call}
  0x000002287543cbb4: 0200 00e8 

  0x000002287543cbb8: ; ImmutableOopMap {[144]=Oop [160]=Oop [168]=Oop [200]=Oop }
                      ;*invokevirtual getCodeSigners {reexecute=0 rethrow=0 return_oop=0}
                      ; - jdk.internal.loader.BuiltinClassLoader::defineClass@90 (line 860)
  0x000002287543cbb8: e47a 0000 

  0x000002287543cbbc: ;   {other}
  0x000002287543cbbc: 0f1f 8400 | 2c07 000d 

  0x000002287543cbc4: ;   {metadata('java/security/CodeSource')}
  0x000002287543cbc4: 4c8b c848 | baf8 5800 | 0328 0200 | 0049 8b87 | b801 0000 | 488d 7828 | 493b bfc8 | 0100 000f 
  0x000002287543cbe4: 87c0 0100 | 0049 89bf | b801 0000 | 48c7 0001 | 0000 0048 | 8bca 49ba | 0000 0003 | 2802 0000 
  0x000002287543cc04: 492b ca89 | 4808 4833 | c989 480c | 4833 c948 | 8948 1048 | 8948 1848 | 8948 204c | 8b84 24a8 
  0x000002287543cc24: 0000 0048 | 8bd0 4889 | 8424 d000 | 0000 0f1f 

  0x000002287543cc34: ;   {optimized virtual_call}
  0x000002287543cc34: 4400 00e8 

  0x000002287543cc38: ; ImmutableOopMap {[144]=Oop [160]=Oop [200]=Oop [208]=Oop }
                      ;*invokespecial <init> {reexecute=0 rethrow=0 return_oop=0}
                      ; - jdk.internal.loader.BuiltinClassLoader::defineClass@102 (line 861)
  0x000002287543cc38: c4ce ffff 

  0x000002287543cc3c: ;   {other}
  0x000002287543cc3c: 0f1f 8400 | ac07 000e | 488b 8424 | c800 0000 

  0x000002287543cc4c: ; implicit exception: dispatches to 0x000002287543cdb6
  0x000002287543cc4c: 8b70 0c4c | 8b84 24d0 | 0000 0048 | 8b94 24a0 | 0000 0089 | b424 d800 

  0x000002287543cc64: ;   {optimized virtual_call}
  0x000002287543cc64: 0000 90e8 

  0x000002287543cc68: ; ImmutableOopMap {[144]=Oop [160]=Oop [200]=Oop }
                      ;*invokevirtual getProtectionDomain {reexecute=0 rethrow=0 return_oop=0}
                      ; - java.security.SecureClassLoader::defineClass@9 (line 150)
                      ; - jdk.internal.loader.BuiltinClassLoader::defineClass@117 (line 862)
  0x000002287543cc68: f494 ffff 

  0x000002287543cc6c: ;   {other}
  0x000002287543cc6c: 0f1f 8400 | dc07 000f | 4c8b 8424 | 9000 0000 | 4c8b 8c24 | c800 0000 | bf00 0000 | 008b b424 
  0x000002287543cc8c: d800 0000 | 488b c848 | 8b94 24a0 | 0000 000f 

  0x000002287543cc9c: ;   {optimized virtual_call}
  0x000002287543cc9c: 1f40 00e8 

  0x000002287543cca0: ; ImmutableOopMap {}
                      ;*invokevirtual defineClass {reexecute=0 rethrow=0 return_oop=0}
                      ; - java.security.SecureClassLoader::defineClass@12 (line 150)
                      ; - jdk.internal.loader.BuiltinClassLoader::defineClass@117 (line 862)
  0x000002287543cca0: dcd4 ffff 

  0x000002287543cca4: ;   {other}
  0x000002287543cca4: 0f1f 8400 | 1408 0010 | 4881 c400 | 0100 005d 

  0x000002287543ccb4: ;   {poll_return}
  0x000002287543ccb4: 493b a758 | 0400 000f | 87fa 0000 | 00c3 498b | 8708 0500 | 004d 33d2 | 4d89 9708 | 0500 004d 
  0x000002287543ccd4: 33d2 4d89 | 9710 0500 | 0048 8bf0 | 488d 8424 | e000 0000 | 488b 3848 | 85ff 0f84 | 0f00 0000 
  0x000002287543ccf4: 488b 5808 | f048 0fb1 | 3b0f 85ce | 0000 0049 | ff8f 5805 | 0000 488b | c6e9 f200 

  0x000002287543cd10: ;   {runtime_call throw_null_pointer_exception Runtime1 stub}
  0x000002287543cd10: 0000 e809 

  0x000002287543cd14: ; ImmutableOopMap {rax=Oop r8=Oop [144]=Oop [152]=Oop [160]=Oop [168]=Oop }
                      ;*invokevirtual lastIndexOf {reexecute=0 rethrow=0 return_oop=0}
                      ; - jdk.internal.loader.BuiltinClassLoader::defineClass@8 (line 845)
                      ;   {runtime_call throw_null_pointer_exception Runtime1 stub}
  0x000002287543cd14: 4abd ffe8 

  0x000002287543cd18: ; ImmutableOopMap {rax=Oop r8=Oop rsi=Oop [144]=Oop [152]=Oop [160]=Oop [168]=Oop }
                      ;*arraylength {reexecute=0 rethrow=0 return_oop=0}
                      ; - java.lang.String::length@4 (line 1546)
                      ; - java.lang.String::lastIndexOf@3 (line 2577)
                      ; - jdk.internal.loader.BuiltinClassLoader::defineClass@8 (line 845)
  0x000002287543cd18: 044a bdff | 4c89 4c24 | 0848 8914 

  0x000002287543cd24: ;   {runtime_call monitorenter_nofpu Runtime1 stub}
  0x000002287543cd24: 24e8 d6ab 

  0x000002287543cd28: ; ImmutableOopMap {r9=Oop [144]=Oop [152]=Oop [160]=Oop [168]=Oop [232]=Oop }
                      ;*synchronization entry
                      ; - jdk.internal.loader.Resource::cachedInputStream@-1 (line 76)
                      ; - jdk.internal.loader.Resource::getByteBuffer@1 (line 163)
                      ; - jdk.internal.loader.BuiltinClassLoader::defineClass@45 (line 853)
  0x000002287543cd28: bdff e9cf | fbff ff41 | 8b51 0c48 | c1e2 0348 | 83fa 000f | 8400 fcff | ff48 8914 

  0x000002287543cd44: ;   {runtime_call g1_pre_barrier_slow}
  0x000002287543cd44: 24e8 b6e8 | bdff e9f2 | fbff ff48 | 83f8 000f | 8407 fcff | ff4c 890c 

  0x000002287543cd5c: ;   {runtime_call g1_post_barrier_slow}
  0x000002287543cd5c: 24e8 1eec | bdff e9f9 | fbff ff48 | 8d84 24e0 | 0000 0048 

  0x000002287543cd70: ;   {runtime_call monitorexit_nofpu Runtime1 stub}
  0x000002287543cd70: 8904 24e8 | 08b8 bdff | e915 fcff | ff48 8914 

  0x000002287543cd80: ;   {runtime_call throw_class_cast_exception Runtime1 stub}
  0x000002287543cd80: 24e8 1a8d 

  0x000002287543cd84: ; ImmutableOopMap {[144]=Oop [152]=Oop [160]=Oop [168]=Oop }
                      ;*checkcast {reexecute=0 rethrow=0 return_oop=0}
                      ; - jdk.internal.loader.Resource::getByteBuffer@13 (line 165)
                      ; - jdk.internal.loader.BuiltinClassLoader::defineClass@45 (line 853)
  0x000002287543cd84: bdff 488b 

  0x000002287543cd88: ;   {runtime_call fast_new_instance Runtime1 stub}
  0x000002287543cd88: d2e8 7254 

  0x000002287543cd8c: ; ImmutableOopMap {r9=Oop [144]=Oop [160]=Oop [168]=Oop [184]=Oop }
                      ;*new {reexecute=0 rethrow=0 return_oop=0}
                      ; - jdk.internal.loader.BuiltinClassLoader::defineClass@61 (line 856)
  0x000002287543cd8c: bdff e964 

  0x000002287543cd90: ;   {internal_word}
  0x000002287543cd90: fdff ff49 | ba6c cb43 | 7528 0200 | 004d 8997 | 7004 0000 

  0x000002287543cda4: ;   {runtime_call SafepointBlob}
  0x000002287543cda4: e9d7 9db1 | ff48 8bd2 

  0x000002287543cdac: ;   {runtime_call fast_new_instance Runtime1 stub}
  0x000002287543cdac: e84f 54bd 

  0x000002287543cdb0: ; ImmutableOopMap {r9=Oop [144]=Oop [160]=Oop [168]=Oop [200]=Oop }
                      ;*new {reexecute=0 rethrow=0 return_oop=0}
                      ; - jdk.internal.loader.BuiltinClassLoader::defineClass@95 (line 861)
  0x000002287543cdb0: ffe9 69fe 

  0x000002287543cdb4: ;   {runtime_call throw_null_pointer_exception Runtime1 stub}
  0x000002287543cdb4: ffff e865 

  0x000002287543cdb8: ; ImmutableOopMap {rax=Oop [144]=Oop [160]=Oop [200]=Oop [208]=Oop }
                      ;*arraylength {reexecute=0 rethrow=0 return_oop=0}
                      ; - jdk.internal.loader.BuiltinClassLoader::defineClass@114 (line 862)
                      ;   {internal_word}
  0x000002287543cdb8: 49bd ff49 | bab4 cc43 | 7528 0200 | 004d 8997 | 7004 0000 

  0x000002287543cdcc: ;   {runtime_call SafepointBlob}
  0x000002287543cdcc: e9af 9db1 | ff48 8d84 | 24e0 0000 | 0048 8904 

  0x000002287543cddc: ;   {runtime_call monitorexit_nofpu Runtime1 stub}
  0x000002287543cddc: 24e8 9eb7 | bdff e923 | ffff ff49 | 8b87 0805 | 0000 49c7 | 8708 0500 | 0000 0000 | 0049 c787 
  0x000002287543cdfc: 1005 0000 | 0000 0000 | 4881 c400 | 0100 005d 

  0x000002287543ce0c: ;   {runtime_call unwind_exception Runtime1 stub}
  0x000002287543ce0c: e9ef 33bd | fff4 f4f4 | f4f4 f4f4 
[Stub Code]
  0x000002287543ce18: ;   {no_reloc}
  0x000002287543ce18: 0f1f 4400 

  0x000002287543ce1c: ;   {static_stub}
  0x000002287543ce1c: 0048 bb00 | 0000 0000 

  0x000002287543ce24: ;   {runtime_call}
  0x000002287543ce24: 0000 00e9 | fbff ffff 

  0x000002287543ce2c: ;   {static_stub}
  0x000002287543ce2c: 9048 bb00 | 0000 0000 

  0x000002287543ce34: ;   {runtime_call}
  0x000002287543ce34: 0000 00e9 | fbff ffff 

  0x000002287543ce3c: ;   {static_stub}
  0x000002287543ce3c: 9048 bb00 | 0000 0000 

  0x000002287543ce44: ;   {runtime_call}
  0x000002287543ce44: 0000 00e9 | fbff ffff 

  0x000002287543ce4c: ;   {static_stub}
  0x000002287543ce4c: 9048 bb00 | 0000 0000 

  0x000002287543ce54: ;   {runtime_call}
  0x000002287543ce54: 0000 00e9 | fbff ffff 

  0x000002287543ce5c: ;   {static_stub}
  0x000002287543ce5c: 9048 bb00 | 0000 0000 

  0x000002287543ce64: ;   {runtime_call}
  0x000002287543ce64: 0000 00e9 | fbff ffff 

  0x000002287543ce6c: ;   {static_stub}
  0x000002287543ce6c: 9048 bb00 | 0000 0000 

  0x000002287543ce74: ;   {runtime_call}
  0x000002287543ce74: 0000 00e9 | fbff ffff 

  0x000002287543ce7c: ;   {static_stub}
  0x000002287543ce7c: 9048 bb00 | 0000 0000 

  0x000002287543ce84: ;   {runtime_call}
  0x000002287543ce84: 0000 00e9 | fbff ffff 

  0x000002287543ce8c: ;   {static_stub}
  0x000002287543ce8c: 9048 bb00 | 0000 0000 

  0x000002287543ce94: ;   {runtime_call}
  0x000002287543ce94: 0000 00e9 | fbff ffff 

  0x000002287543ce9c: ;   {static_stub}
  0x000002287543ce9c: 48bb 0000 | 0000 0000 

  0x000002287543cea4: ;   {runtime_call}
  0x000002287543cea4: 0000 e9fb 

  0x000002287543cea8: ;   {static_stub}
  0x000002287543cea8: ffff ff48 | bb00 0000 | 0000 0000 

  0x000002287543ceb4: ;   {runtime_call}
  0x000002287543ceb4: 00e9 fbff 

  0x000002287543ceb8: ;   {static_stub}
  0x000002287543ceb8: ffff 48bb | 0000 0000 | 0000 0000 

  0x000002287543cec4: ;   {runtime_call}
  0x000002287543cec4: e9fb ffff 

  0x000002287543cec8: ;   {static_stub}
  0x000002287543cec8: ff48 bb00 | 0000 0000 

  0x000002287543ced0: ;   {runtime_call}
  0x000002287543ced0: 0000 00e9 | fbff ffff 

  0x000002287543ced8: ;   {static_stub}
  0x000002287543ced8: 48bb 0000 | 0000 0000 

  0x000002287543cee0: ;   {runtime_call}
  0x000002287543cee0: 0000 e9fb 

  0x000002287543cee4: ;   {static_stub}
  0x000002287543cee4: ffff ff48 | bb00 0000 | 0000 0000 

  0x000002287543cef0: ;   {runtime_call}
  0x000002287543cef0: 00e9 fbff 

  0x000002287543cef4: ;   {static_stub}
  0x000002287543cef4: ffff 48bb | 0000 0000 | 0000 0000 

  0x000002287543cf00: ;   {runtime_call}
  0x000002287543cf00: e9fb ffff 

  0x000002287543cf04: ;   {runtime_call handle_exception_from_callee Runtime1 stub}
  0x000002287543cf04: ffe8 7685 

  0x000002287543cf08: ;   {external_word}
  0x000002287543cf08: bdff 48b9 | b028 f3fd | f97f 0000 | 4883 e4f0 

  0x000002287543cf18: ;   {runtime_call}
  0x000002287543cf18: 48b8 3099 | bafd f97f | 0000 ffd0 

  0x000002287543cf24: ;   {section_word}
  0x000002287543cf24: f449 ba25 | cf43 7528 | 0200 0041 

  0x000002287543cf30: ;   {runtime_call DeoptimizationBlob}
  0x000002287543cf30: 52e9 eab0 | b1ff f4f4 
[/MachCode]


---------------  P R O C E S S  ---------------

Threads class SMR info:
_java_thread_list=0x0000022848fc6f20, length=22, elements={
0x000002286cbd03d0, 0x000002287fb549d0, 0x000002287fb557e0, 0x000002287fb58140,
0x000002287fb5a080, 0x000002287fb5abd0, 0x000002287fb5b850, 0x0000022802350dc0,
0x000002287fb212e0, 0x000002280244e2b0, 0x0000022802450980, 0x0000022802888810,
0x0000022802888e80, 0x00000228028c3ae0, 0x0000022802aac560, 0x0000022802c766e0,
0x0000022802c529c0, 0x0000022802c4f730, 0x0000022848e8d5e0, 0x0000022848e8f020,
0x0000022848e8dc70, 0x0000022848e8f6b0
}

Java Threads: ( => current thread )
  0x000002286cbd03d0 JavaThread "main"                              [_thread_blocked, id=31364, stack(0x00000084d1100000,0x00000084d1200000) (1024K)]
  0x000002287fb549d0 JavaThread "Reference Handler"          daemon [_thread_blocked, id=32632, stack(0x00000084d1900000,0x00000084d1a00000) (1024K)]
  0x000002287fb557e0 JavaThread "Finalizer"                  daemon [_thread_blocked, id=30512, stack(0x00000084d1a00000,0x00000084d1b00000) (1024K)]
  0x000002287fb58140 JavaThread "Signal Dispatcher"          daemon [_thread_blocked, id=26648, stack(0x00000084d1b00000,0x00000084d1c00000) (1024K)]
  0x000002287fb5a080 JavaThread "Attach Listener"            daemon [_thread_blocked, id=4540, stack(0x00000084d1c00000,0x00000084d1d00000) (1024K)]
  0x000002287fb5abd0 JavaThread "Service Thread"             daemon [_thread_blocked, id=9396, stack(0x00000084d1d00000,0x00000084d1e00000) (1024K)]
  0x000002287fb5b850 JavaThread "Monitor Deflation Thread"   daemon [_thread_blocked, id=32216, stack(0x00000084d1e00000,0x00000084d1f00000) (1024K)]
  0x0000022802350dc0 JavaThread "C1 CompilerThread0"         daemon [_thread_blocked, id=29736, stack(0x00000084d1f00000,0x00000084d2000000) (1024K)]
  0x000002287fb212e0 JavaThread "Common-Cleaner"             daemon [_thread_blocked, id=10780, stack(0x00000084d2000000,0x00000084d2100000) (1024K)]
  0x000002280244e2b0 JavaThread "C1 CompilerThread1"         daemon [_thread_blocked, id=27492, stack(0x00000084d2100000,0x00000084d2200000) (1024K)]
  0x0000022802450980 JavaThread "C1 CompilerThread2"         daemon [_thread_blocked, id=28244, stack(0x00000084d2200000,0x00000084d2300000) (1024K)]
  0x0000022802888810 JavaThread "Monitor Ctrl-Break"         daemon [_thread_in_native, id=15168, stack(0x00000084d2300000,0x00000084d2400000) (1024K)]
  0x0000022802888e80 JavaThread "Notification Thread"        daemon [_thread_blocked, id=4268, stack(0x00000084d2400000,0x00000084d2500000) (1024K)]
  0x00000228028c3ae0 JavaThread "C1 CompilerThread3"         daemon [_thread_blocked, id=13704, stack(0x00000084d2500000,0x00000084d2600000) (1024K)]
  0x0000022802aac560 JavaThread "RMI TCP Accept-0"           daemon [_thread_in_native, id=564, stack(0x00000084d2600000,0x00000084d2700000) (1024K)]
  0x0000022802c766e0 JavaThread "RMI TCP Connection(1)-172.16.11.182" daemon [_thread_in_native, id=18228, stack(0x00000084d2700000,0x00000084d2800000) (1024K)]
  0x0000022802c529c0 JavaThread "RMI Scheduler(0)"           daemon [_thread_blocked, id=25760, stack(0x00000084d2800000,0x00000084d2900000) (1024K)]
  0x0000022802c4f730 JavaThread "JMX server connection timeout 26" daemon [_thread_blocked, id=35060, stack(0x00000084d2900000,0x00000084d2a00000) (1024K)]
  0x0000022848e8d5e0 JavaThread "Thread-0"                          [_thread_blocked, id=31692, stack(0x00000084d3100000,0x00000084d3200000) (1024K)]
=>0x0000022848e8f020 JavaThread "restartedMain"                     [_thread_in_vm, id=34392, stack(0x00000084d3200000,0x00000084d3300000) (1024K)]
  0x0000022848e8dc70 JavaThread "RMI TCP Connection(2)-172.16.11.182" daemon [_thread_in_native, id=30764, stack(0x00000084d3300000,0x00000084d3400000) (1024K)]
  0x0000022848e8f6b0 JavaThread "background-preinit"                [_thread_in_vm, id=32240, stack(0x00000084d3400000,0x00000084d3500000) (1024K)]
Total: 22

Other Threads:
  0x000002287fb37530 VMThread "VM Thread"                           [id=19972, stack(0x00000084d1800000,0x00000084d1900000) (1024K)]
  0x000002287fb1ef60 WatcherThread "VM Periodic Task Thread"        [id=25460, stack(0x00000084d1700000,0x00000084d1800000) (1024K)]
  0x000002286cc53ea0 WorkerThread "GC Thread#0"                     [id=25396, stack(0x00000084d1200000,0x00000084d1300000) (1024K)]
  0x0000022802d4b2d0 WorkerThread "GC Thread#1"                     [id=11924, stack(0x00000084d2a00000,0x00000084d2b00000) (1024K)]
  0x0000022802d51a20 WorkerThread "GC Thread#2"                     [id=31344, stack(0x00000084d2b00000,0x00000084d2c00000) (1024K)]
  0x0000022802d525e0 WorkerThread "GC Thread#3"                     [id=19924, stack(0x00000084d2c00000,0x00000084d2d00000) (1024K)]
  0x0000022802d55a70 WorkerThread "GC Thread#4"                     [id=27180, stack(0x00000084d2d00000,0x00000084d2e00000) (1024K)]
  0x0000022802d55070 WorkerThread "GC Thread#5"                     [id=27332, stack(0x00000084d2e00000,0x00000084d2f00000) (1024K)]
  0x0000022802d536a0 WorkerThread "GC Thread#6"                     [id=33788, stack(0x00000084d2f00000,0x00000084d3000000) (1024K)]
  0x0000022802d54910 WorkerThread "GC Thread#7"                     [id=26140, stack(0x00000084d3000000,0x00000084d3100000) (1024K)]
  0x000002286cc616d0 ConcurrentGCThread "G1 Main Marker"            [id=464, stack(0x00000084d1300000,0x00000084d1400000) (1024K)]
  0x000002286cc621e0 WorkerThread "G1 Conc#0"                       [id=14264, stack(0x00000084d1400000,0x00000084d1500000) (1024K)]
  0x000002286cc7e480 ConcurrentGCThread "G1 Refine#0"               [id=33060, stack(0x00000084d1500000,0x00000084d1600000) (1024K)]
  0x000002287f9f3100 ConcurrentGCThread "G1 Service"                [id=14852, stack(0x00000084d1600000,0x00000084d1700000) (1024K)]
Total: 14

Threads with active compile tasks:
Total: 0

VM state: not at safepoint (normal execution)

VM Mutex/Monitor currently owned by a thread:  ([mutex/lock_event])
[0x00007ff9fe1dab00] Metaspace_lock - owner thread: 0x0000022848e8f020

Heap address: 0x0000000683000000, size: 6096 MB, Compressed Oops mode: Zero based, Oop shift amount: 3

CDS archive(s) mapped at: [0x0000022803000000-0x0000022803c60000-0x0000022803c60000), size 12976128, SharedBaseAddress: 0x0000022803000000, ArchiveRelocationMode: 1.
Compressed class space mapped at: 0x0000022804000000-0x0000022844000000, reserved size: 1073741824
Narrow klass base: 0x0000022803000000, Narrow klass shift: 0, Narrow klass range: 0x41000000

GC Precious Log:
 CardTable entry size: 512
 Card Set container configuration: InlinePtr #cards 4 size 8 Array Of Cards #cards 32 size 80 Howl #buckets 8 coarsen threshold 7372 Howl Bitmap #cards 1024 size 144 coarsen threshold 921 Card regions per heap region 1 cards per card region 8192
 CPUs: 8 total, 8 available
 Memory: 24375M
 Large Page Support: Disabled
 NUMA Support: Disabled
 Compressed Oops: Enabled (Zero based)
 Heap Region Size: 4M
 Heap Min Capacity: 8M
 Heap Initial Capacity: 384M
 Heap Max Capacity: 6096M
 Pre-touch: Disabled
 Parallel Workers: 8
 Concurrent Workers: 2
 Concurrent Refinement Workers: 8
 Periodic GC: Disabled

Heap:
 garbage-first heap   total reserved 6242304K, committed 393216K, used 30157K [0x0000000683000000, 0x0000000800000000)
  region size 4096K, 7 young (28672K), 1 survivors (4096K)
 Metaspace       used 14493K, committed 14912K, reserved 1114112K
  class space    used 2039K, committed 2176K, reserved 1048576K

Heap Regions: E=young(eden), S=young(survivor), O=old, HS=humongous(starts), HC=humongous(continues), CS=collection set, F=free, TAMS=top-at-mark-start, PB=parsable bottom
|   0|0x0000000683000000, 0x0000000683400000, 0x0000000683400000|100%| O|  |TAMS 0x0000000683000000| PB 0x0000000683000000| Untracked |  0
|   1|0x0000000683400000, 0x0000000683800000, 0x0000000683800000|100%| O|  |TAMS 0x0000000683400000| PB 0x0000000683400000| Untracked |  0
|   2|0x0000000683800000, 0x00000006838098c0, 0x0000000683c00000|  0%| O|  |TAMS 0x0000000683800000| PB 0x0000000683800000| Untracked |  0
|   3|0x0000000683c00000, 0x0000000683c00000, 0x0000000684000000|  0%| F|  |TAMS 0x0000000683c00000| PB 0x0000000683c00000| Untracked |  0
|   4|0x0000000684000000, 0x0000000684000000, 0x0000000684400000|  0%| F|  |TAMS 0x0000000684000000| PB 0x0000000684000000| Untracked |  0
|   5|0x0000000684400000, 0x0000000684400000, 0x0000000684800000|  0%| F|  |TAMS 0x0000000684400000| PB 0x0000000684400000| Untracked |  0
|   6|0x0000000684800000, 0x0000000684800000, 0x0000000684c00000|  0%| F|  |TAMS 0x0000000684800000| PB 0x0000000684800000| Untracked |  0
|   7|0x0000000684c00000, 0x0000000684c00000, 0x0000000685000000|  0%| F|  |TAMS 0x0000000684c00000| PB 0x0000000684c00000| Untracked |  0
|   8|0x0000000685000000, 0x0000000685000000, 0x0000000685400000|  0%| F|  |TAMS 0x0000000685000000| PB 0x0000000685000000| Untracked |  0
|   9|0x0000000685400000, 0x0000000685400000, 0x0000000685800000|  0%| F|  |TAMS 0x0000000685400000| PB 0x0000000685400000| Untracked |  0
|  10|0x0000000685800000, 0x0000000685800000, 0x0000000685c00000|  0%| F|  |TAMS 0x0000000685800000| PB 0x0000000685800000| Untracked |  0
|  11|0x0000000685c00000, 0x0000000685c00000, 0x0000000686000000|  0%| F|  |TAMS 0x0000000685c00000| PB 0x0000000685c00000| Untracked |  0
|  12|0x0000000686000000, 0x0000000686000000, 0x0000000686400000|  0%| F|  |TAMS 0x0000000686000000| PB 0x0000000686000000| Untracked |  0
|  13|0x0000000686400000, 0x0000000686400000, 0x0000000686800000|  0%| F|  |TAMS 0x0000000686400000| PB 0x0000000686400000| Untracked |  0
|  14|0x0000000686800000, 0x0000000686800000, 0x0000000686c00000|  0%| F|  |TAMS 0x0000000686800000| PB 0x0000000686800000| Untracked |  0
|  15|0x0000000686c00000, 0x0000000686c00000, 0x0000000687000000|  0%| F|  |TAMS 0x0000000686c00000| PB 0x0000000686c00000| Untracked |  0
|  16|0x0000000687000000, 0x0000000687000000, 0x0000000687400000|  0%| F|  |TAMS 0x0000000687000000| PB 0x0000000687000000| Untracked |  0
|  17|0x0000000687400000, 0x0000000687400000, 0x0000000687800000|  0%| F|  |TAMS 0x0000000687400000| PB 0x0000000687400000| Untracked |  0
|  18|0x0000000687800000, 0x0000000687800000, 0x0000000687c00000|  0%| F|  |TAMS 0x0000000687800000| PB 0x0000000687800000| Untracked |  0
|  19|0x0000000687c00000, 0x0000000687c00000, 0x0000000688000000|  0%| F|  |TAMS 0x0000000687c00000| PB 0x0000000687c00000| Untracked |  0
|  20|0x0000000688000000, 0x0000000688000000, 0x0000000688400000|  0%| F|  |TAMS 0x0000000688000000| PB 0x0000000688000000| Untracked |  0
|  21|0x0000000688400000, 0x0000000688400000, 0x0000000688800000|  0%| F|  |TAMS 0x0000000688400000| PB 0x0000000688400000| Untracked |  0
|  22|0x0000000688800000, 0x0000000688800000, 0x0000000688c00000|  0%| F|  |TAMS 0x0000000688800000| PB 0x0000000688800000| Untracked |  0
|  23|0x0000000688c00000, 0x0000000688c00000, 0x0000000689000000|  0%| F|  |TAMS 0x0000000688c00000| PB 0x0000000688c00000| Untracked |  0
|  24|0x0000000689000000, 0x0000000689000000, 0x0000000689400000|  0%| F|  |TAMS 0x0000000689000000| PB 0x0000000689000000| Untracked |  0
|  25|0x0000000689400000, 0x0000000689400000, 0x0000000689800000|  0%| F|  |TAMS 0x0000000689400000| PB 0x0000000689400000| Untracked |  0
|  26|0x0000000689800000, 0x0000000689800000, 0x0000000689c00000|  0%| F|  |TAMS 0x0000000689800000| PB 0x0000000689800000| Untracked |  0
|  27|0x0000000689c00000, 0x0000000689c00000, 0x000000068a000000|  0%| F|  |TAMS 0x0000000689c00000| PB 0x0000000689c00000| Untracked |  0
|  28|0x000000068a000000, 0x000000068a000000, 0x000000068a400000|  0%| F|  |TAMS 0x000000068a000000| PB 0x000000068a000000| Untracked |  0
|  29|0x000000068a400000, 0x000000068a400000, 0x000000068a800000|  0%| F|  |TAMS 0x000000068a400000| PB 0x000000068a400000| Untracked |  0
|  30|0x000000068a800000, 0x000000068a800000, 0x000000068ac00000|  0%| F|  |TAMS 0x000000068a800000| PB 0x000000068a800000| Untracked |  0
|  31|0x000000068ac00000, 0x000000068ac00000, 0x000000068b000000|  0%| F|  |TAMS 0x000000068ac00000| PB 0x000000068ac00000| Untracked |  0
|  32|0x000000068b000000, 0x000000068b000000, 0x000000068b400000|  0%| F|  |TAMS 0x000000068b000000| PB 0x000000068b000000| Untracked |  0
|  33|0x000000068b400000, 0x000000068b400000, 0x000000068b800000|  0%| F|  |TAMS 0x000000068b400000| PB 0x000000068b400000| Untracked |  0
|  34|0x000000068b800000, 0x000000068b800000, 0x000000068bc00000|  0%| F|  |TAMS 0x000000068b800000| PB 0x000000068b800000| Untracked |  0
|  35|0x000000068bc00000, 0x000000068bc00000, 0x000000068c000000|  0%| F|  |TAMS 0x000000068bc00000| PB 0x000000068bc00000| Untracked |  0
|  36|0x000000068c000000, 0x000000068c000000, 0x000000068c400000|  0%| F|  |TAMS 0x000000068c000000| PB 0x000000068c000000| Untracked |  0
|  37|0x000000068c400000, 0x000000068c400000, 0x000000068c800000|  0%| F|  |TAMS 0x000000068c400000| PB 0x000000068c400000| Untracked |  0
|  38|0x000000068c800000, 0x000000068c800000, 0x000000068cc00000|  0%| F|  |TAMS 0x000000068c800000| PB 0x000000068c800000| Untracked |  0
|  39|0x000000068cc00000, 0x000000068cc00000, 0x000000068d000000|  0%| F|  |TAMS 0x000000068cc00000| PB 0x000000068cc00000| Untracked |  0
|  40|0x000000068d000000, 0x000000068d000000, 0x000000068d400000|  0%| F|  |TAMS 0x000000068d000000| PB 0x000000068d000000| Untracked |  0
|  41|0x000000068d400000, 0x000000068d400000, 0x000000068d800000|  0%| F|  |TAMS 0x000000068d400000| PB 0x000000068d400000| Untracked |  0
|  42|0x000000068d800000, 0x000000068d800000, 0x000000068dc00000|  0%| F|  |TAMS 0x000000068d800000| PB 0x000000068d800000| Untracked |  0
|  43|0x000000068dc00000, 0x000000068dc00000, 0x000000068e000000|  0%| F|  |TAMS 0x000000068dc00000| PB 0x000000068dc00000| Untracked |  0
|  44|0x000000068e000000, 0x000000068e000000, 0x000000068e400000|  0%| F|  |TAMS 0x000000068e000000| PB 0x000000068e000000| Untracked |  0
|  45|0x000000068e400000, 0x000000068e400000, 0x000000068e800000|  0%| F|  |TAMS 0x000000068e400000| PB 0x000000068e400000| Untracked |  0
|  46|0x000000068e800000, 0x000000068e800000, 0x000000068ec00000|  0%| F|  |TAMS 0x000000068e800000| PB 0x000000068e800000| Untracked |  0
|  47|0x000000068ec00000, 0x000000068ec00000, 0x000000068f000000|  0%| F|  |TAMS 0x000000068ec00000| PB 0x000000068ec00000| Untracked |  0
|  48|0x000000068f000000, 0x000000068f000000, 0x000000068f400000|  0%| F|  |TAMS 0x000000068f000000| PB 0x000000068f000000| Untracked |  0
|  49|0x000000068f400000, 0x000000068f400000, 0x000000068f800000|  0%| F|  |TAMS 0x000000068f400000| PB 0x000000068f400000| Untracked |  0
|  50|0x000000068f800000, 0x000000068f800000, 0x000000068fc00000|  0%| F|  |TAMS 0x000000068f800000| PB 0x000000068f800000| Untracked |  0
|  51|0x000000068fc00000, 0x000000068fc00000, 0x0000000690000000|  0%| F|  |TAMS 0x000000068fc00000| PB 0x000000068fc00000| Untracked |  0
|  52|0x0000000690000000, 0x0000000690000000, 0x0000000690400000|  0%| F|  |TAMS 0x0000000690000000| PB 0x0000000690000000| Untracked |  0
|  53|0x0000000690400000, 0x0000000690400000, 0x0000000690800000|  0%| F|  |TAMS 0x0000000690400000| PB 0x0000000690400000| Untracked |  0
|  54|0x0000000690800000, 0x0000000690800000, 0x0000000690c00000|  0%| F|  |TAMS 0x0000000690800000| PB 0x0000000690800000| Untracked |  0
|  55|0x0000000690c00000, 0x0000000690c00000, 0x0000000691000000|  0%| F|  |TAMS 0x0000000690c00000| PB 0x0000000690c00000| Untracked |  0
|  56|0x0000000691000000, 0x0000000691000000, 0x0000000691400000|  0%| F|  |TAMS 0x0000000691000000| PB 0x0000000691000000| Untracked |  0
|  57|0x0000000691400000, 0x0000000691400000, 0x0000000691800000|  0%| F|  |TAMS 0x0000000691400000| PB 0x0000000691400000| Untracked |  0
|  58|0x0000000691800000, 0x0000000691800000, 0x0000000691c00000|  0%| F|  |TAMS 0x0000000691800000| PB 0x0000000691800000| Untracked |  0
|  59|0x0000000691c00000, 0x0000000691c00000, 0x0000000692000000|  0%| F|  |TAMS 0x0000000691c00000| PB 0x0000000691c00000| Untracked |  0
|  60|0x0000000692000000, 0x0000000692000000, 0x0000000692400000|  0%| F|  |TAMS 0x0000000692000000| PB 0x0000000692000000| Untracked |  0
|  61|0x0000000692400000, 0x0000000692400000, 0x0000000692800000|  0%| F|  |TAMS 0x0000000692400000| PB 0x0000000692400000| Untracked |  0
|  62|0x0000000692800000, 0x0000000692800000, 0x0000000692c00000|  0%| F|  |TAMS 0x0000000692800000| PB 0x0000000692800000| Untracked |  0
|  63|0x0000000692c00000, 0x0000000692c00000, 0x0000000693000000|  0%| F|  |TAMS 0x0000000692c00000| PB 0x0000000692c00000| Untracked |  0
|  64|0x0000000693000000, 0x0000000693000000, 0x0000000693400000|  0%| F|  |TAMS 0x0000000693000000| PB 0x0000000693000000| Untracked |  0
|  65|0x0000000693400000, 0x0000000693400000, 0x0000000693800000|  0%| F|  |TAMS 0x0000000693400000| PB 0x0000000693400000| Untracked |  0
|  66|0x0000000693800000, 0x0000000693800000, 0x0000000693c00000|  0%| F|  |TAMS 0x0000000693800000| PB 0x0000000693800000| Untracked |  0
|  67|0x0000000693c00000, 0x0000000693c00000, 0x0000000694000000|  0%| F|  |TAMS 0x0000000693c00000| PB 0x0000000693c00000| Untracked |  0
|  68|0x0000000694000000, 0x0000000694000000, 0x0000000694400000|  0%| F|  |TAMS 0x0000000694000000| PB 0x0000000694000000| Untracked |  0
|  69|0x0000000694400000, 0x0000000694400000, 0x0000000694800000|  0%| F|  |TAMS 0x0000000694400000| PB 0x0000000694400000| Untracked |  0
|  70|0x0000000694800000, 0x0000000694800000, 0x0000000694c00000|  0%| F|  |TAMS 0x0000000694800000| PB 0x0000000694800000| Untracked |  0
|  71|0x0000000694c00000, 0x0000000694c00000, 0x0000000695000000|  0%| F|  |TAMS 0x0000000694c00000| PB 0x0000000694c00000| Untracked |  0
|  72|0x0000000695000000, 0x0000000695000000, 0x0000000695400000|  0%| F|  |TAMS 0x0000000695000000| PB 0x0000000695000000| Untracked |  0
|  73|0x0000000695400000, 0x0000000695400000, 0x0000000695800000|  0%| F|  |TAMS 0x0000000695400000| PB 0x0000000695400000| Untracked |  0
|  74|0x0000000695800000, 0x0000000695800000, 0x0000000695c00000|  0%| F|  |TAMS 0x0000000695800000| PB 0x0000000695800000| Untracked |  0
|  75|0x0000000695c00000, 0x0000000695c00000, 0x0000000696000000|  0%| F|  |TAMS 0x0000000695c00000| PB 0x0000000695c00000| Untracked |  0
|  76|0x0000000696000000, 0x0000000696000000, 0x0000000696400000|  0%| F|  |TAMS 0x0000000696000000| PB 0x0000000696000000| Untracked |  0
|  77|0x0000000696400000, 0x0000000696400000, 0x0000000696800000|  0%| F|  |TAMS 0x0000000696400000| PB 0x0000000696400000| Untracked |  0
|  78|0x0000000696800000, 0x0000000696800000, 0x0000000696c00000|  0%| F|  |TAMS 0x0000000696800000| PB 0x0000000696800000| Untracked |  0
|  79|0x0000000696c00000, 0x0000000696c00000, 0x0000000697000000|  0%| F|  |TAMS 0x0000000696c00000| PB 0x0000000696c00000| Untracked |  0
|  80|0x0000000697000000, 0x0000000697000000, 0x0000000697400000|  0%| F|  |TAMS 0x0000000697000000| PB 0x0000000697000000| Untracked |  0
|  81|0x0000000697400000, 0x0000000697400000, 0x0000000697800000|  0%| F|  |TAMS 0x0000000697400000| PB 0x0000000697400000| Untracked |  0
|  82|0x0000000697800000, 0x0000000697800000, 0x0000000697c00000|  0%| F|  |TAMS 0x0000000697800000| PB 0x0000000697800000| Untracked |  0
|  83|0x0000000697c00000, 0x0000000697c00000, 0x0000000698000000|  0%| F|  |TAMS 0x0000000697c00000| PB 0x0000000697c00000| Untracked |  0
|  84|0x0000000698000000, 0x0000000698000000, 0x0000000698400000|  0%| F|  |TAMS 0x0000000698000000| PB 0x0000000698000000| Untracked |  0
|  85|0x0000000698400000, 0x0000000698400000, 0x0000000698800000|  0%| F|  |TAMS 0x0000000698400000| PB 0x0000000698400000| Untracked |  0
|  86|0x0000000698800000, 0x0000000698800000, 0x0000000698c00000|  0%| F|  |TAMS 0x0000000698800000| PB 0x0000000698800000| Untracked |  0
|  87|0x0000000698c00000, 0x0000000698c00000, 0x0000000699000000|  0%| F|  |TAMS 0x0000000698c00000| PB 0x0000000698c00000| Untracked |  0
|  88|0x0000000699000000, 0x0000000699000000, 0x0000000699400000|  0%| F|  |TAMS 0x0000000699000000| PB 0x0000000699000000| Untracked |  0
|  89|0x0000000699400000, 0x000000069955b128, 0x0000000699800000| 33%| E|  |TAMS 0x0000000699400000| PB 0x0000000699400000| Complete |  0
|  90|0x0000000699800000, 0x0000000699969d40, 0x0000000699c00000| 35%| S|CS|TAMS 0x0000000699800000| PB 0x0000000699800000| Complete |  0
|  91|0x0000000699c00000, 0x000000069a000000, 0x000000069a000000|100%| E|CS|TAMS 0x0000000699c00000| PB 0x0000000699c00000| Complete |  0
|  92|0x000000069a000000, 0x000000069a400000, 0x000000069a400000|100%| E|CS|TAMS 0x000000069a000000| PB 0x000000069a000000| Complete |  0
|  93|0x000000069a400000, 0x000000069a800000, 0x000000069a800000|100%| E|CS|TAMS 0x000000069a400000| PB 0x000000069a400000| Complete |  0
|  94|0x000000069a800000, 0x000000069ac00000, 0x000000069ac00000|100%| E|CS|TAMS 0x000000069a800000| PB 0x000000069a800000| Complete |  0
|  95|0x000000069ac00000, 0x000000069b000000, 0x000000069b000000|100%| E|CS|TAMS 0x000000069ac00000| PB 0x000000069ac00000| Complete |  0

Card table byte_map: [0x0000022878c00000,0x00000228797f0000] _byte_map_base: 0x00000228757e8000

Marking Bits: (CMBitMap*) 0x000002286cc54dc0
 Bits: [0x00000228797f0000, 0x000002287f730000)

Polling page: 0x000002286aae0000

Metaspace:

Usage:
  Non-class:     12.16 MB used.
      Class:      1.99 MB used.
       Both:     14.15 MB used.

Virtual space:
  Non-class space:       64.00 MB reserved,      12.44 MB ( 19%) committed,  1 nodes.
      Class space:        1.00 GB reserved,       2.12 MB ( <1%) committed,  1 nodes.
             Both:        1.06 GB reserved,      14.56 MB (  1%) committed. 

Chunk freelists:
   Non-Class:  3.55 MB
       Class:  13.73 MB
        Both:  17.28 MB

MaxMetaspaceSize: unlimited
CompressedClassSpaceSize: 1.00 GB
Initial GC threshold: 21.00 MB
Current GC threshold: 21.00 MB
CDS: on
 - commit_granule_bytes: 65536.
 - commit_granule_words: 8192.
 - virtual_space_node_default_size: 8388608.
 - enlarge_chunks_in_place: 1.
 - use_allocation_guard: 0.


Internal statistics:

num_allocs_failed_limit: 0.
num_arena_births: 454.
num_arena_deaths: 0.
num_vsnodes_births: 2.
num_vsnodes_deaths: 0.
num_space_committed: 233.
num_space_uncommitted: 0.
num_chunks_returned_to_freelist: 0.
num_chunks_taken_from_freelist: 874.
num_chunk_merges: 0.
num_chunk_splits: 561.
num_chunks_enlarged: 341.
num_inconsistent_stats: 0.

CodeCache: size=49152Kb used=6705Kb max_used=6705Kb free=42446Kb
 bounds [0x0000022874f00000, 0x0000022875590000, 0x0000022877f00000]
 total_blobs=2932 nmethods=2421 adapters=432
 compilation: enabled
              stopped_count=0, restarted_count=0
 full_count=0

Compilation events (20 events):
Event: 1.673 Thread 0x00000228028c3ae0 2385       1       sun.reflect.generics.repository.GenericDeclRepository::getTypeParameters (27 bytes)
Event: 1.673 Thread 0x000002280244e2b0 nmethod 2383 0x0000022875581310 code [0x00000228755814a0, 0x0000022875581570]
Event: 1.673 Thread 0x000002280244e2b0 2386       1       sun.reflect.generics.reflectiveObjects.TypeVariableImpl::hashCode (18 bytes)
Event: 1.673 Thread 0x00000228028c3ae0 nmethod 2385 0x0000022875581610 code [0x00000228755817c0, 0x00000228755819b0]
Event: 1.673 Thread 0x000002280244e2b0 nmethod 2386 0x0000022875581a90 code [0x0000022875581c40, 0x0000022875581d80]
Event: 1.674 Thread 0x0000022802350dc0 nmethod 2384 0x0000022875581e90 code [0x0000022875582060, 0x0000022875582340]
Event: 1.674 Thread 0x0000022802350dc0 2387       1       java.lang.invoke.ClassSpecializer$SpeciesData::getterFunction (78 bytes)
Event: 1.674 Thread 0x000002280244e2b0 2388       1       sun.reflect.generics.parser.SignatureParser::init (16 bytes)
Event: 1.674 Thread 0x0000022802350dc0 nmethod 2387 0x0000022875582490 code [0x0000022875582640, 0x0000022875582780]
Event: 1.674 Thread 0x000002280244e2b0 nmethod 2388 0x0000022875582810 code [0x00000228755829a0, 0x0000022875582ac8]
Event: 1.675 Thread 0x0000022802350dc0 2389       1       java.util.EnumSet::noneOf (63 bytes)
Event: 1.675 Thread 0x000002280244e2b0 2390       1       java.util.EnumSet::getUniverse (10 bytes)
Event: 1.675 Thread 0x00000228028c3ae0 2391       1       java.util.RegularEnumSet::<init> (12 bytes)
Event: 1.675 Thread 0x0000022802450980 2392       1       java.util.EnumSet::<init> (15 bytes)
Event: 1.675 Thread 0x000002280244e2b0 nmethod 2390 0x0000022875582b10 code [0x0000022875582cc0, 0x0000022875582e10]
Event: 1.675 Thread 0x00000228028c3ae0 nmethod 2391 0x0000022875582f10 code [0x00000228755830a0, 0x0000022875583220]
Event: 1.675 Thread 0x0000022802450980 nmethod 2392 0x0000022875583290 code [0x0000022875583420, 0x0000022875583590]
Event: 1.676 Thread 0x0000022802350dc0 nmethod 2389 0x0000022875583610 code [0x0000022875583840, 0x0000022875583e38]
Event: 1.676 Thread 0x0000022802350dc0 2393       1       java.lang.Enum::getDeclaringClass (22 bytes)
Event: 1.676 Thread 0x0000022802350dc0 nmethod 2393 0x0000022875584110 code [0x00000228755842a0, 0x00000228755843b8]

GC Heap History (4 events):
Event: 0.819 GC heap before
{Heap before GC invocations=0 (full 0):
 garbage-first heap   total reserved 6242304K, committed 393216K, used 20480K [0x0000000683000000, 0x0000000800000000)
  region size 4096K, 6 young (24576K), 0 survivors (0K)
 Metaspace       used 6623K, committed 6912K, reserved 1114112K
  class space    used 805K, committed 960K, reserved 1048576K
}
Event: 0.826 GC heap after
{Heap after GC invocations=1 (full 0):
 garbage-first heap   total reserved 6242304K, committed 393216K, used 8720K [0x0000000683000000, 0x0000000800000000)
  region size 4096K, 1 young (4096K), 1 survivors (4096K)
 Metaspace       used 6623K, committed 6912K, reserved 1114112K
  class space    used 805K, committed 960K, reserved 1048576K
}
Event: 1.315 GC heap before
{Heap before GC invocations=1 (full 0):
 garbage-first heap   total reserved 6242304K, committed 393216K, used 29200K [0x0000000683000000, 0x0000000800000000)
  region size 4096K, 6 young (24576K), 1 survivors (4096K)
 Metaspace       used 10322K, committed 10624K, reserved 1114112K
  class space    used 1355K, committed 1472K, reserved 1048576K
}
Event: 1.319 GC heap after
{Heap after GC invocations=2 (full 0):
 garbage-first heap   total reserved 6242304K, committed 393216K, used 9677K [0x0000000683000000, 0x0000000800000000)
  region size 4096K, 1 young (4096K), 1 survivors (4096K)
 Metaspace       used 10322K, committed 10624K, reserved 1114112K
  class space    used 1355K, committed 1472K, reserved 1048576K
}

Dll operation events (11 events):
Event: 0.014 Loaded shared library C:\Users\phaml\.jdks\openjdk-22.0.2\bin\java.dll
Event: 0.195 Loaded shared library C:\Users\phaml\.jdks\openjdk-22.0.2\bin\zip.dll
Event: 0.201 Loaded shared library C:\Users\phaml\.jdks\openjdk-22.0.2\bin\instrument.dll
Event: 0.209 Loaded shared library C:\Users\phaml\.jdks\openjdk-22.0.2\bin\net.dll
Event: 0.213 Loaded shared library C:\Users\phaml\.jdks\openjdk-22.0.2\bin\nio.dll
Event: 0.218 Loaded shared library C:\Users\phaml\.jdks\openjdk-22.0.2\bin\zip.dll
Event: 0.339 Loaded shared library C:\Program Files\JetBrains\IntelliJ IDEA 2024.2.0.1\bin\breakgen64.dll
Event: 0.344 Loaded shared library C:\Users\phaml\.jdks\openjdk-22.0.2\bin\jimage.dll
Event: 0.350 Loaded shared library C:\Users\phaml\.jdks\openjdk-22.0.2\bin\extnet.dll
Event: 0.369 Loaded shared library C:\Users\phaml\.jdks\openjdk-22.0.2\bin\management.dll
Event: 0.382 Loaded shared library C:\Users\phaml\.jdks\openjdk-22.0.2\bin\management_ext.dll

Deoptimization events (0 events):
No events

Classes loaded (20 events):
Event: 1.659 Loading class org/xml/sax/EntityResolver
Event: 1.659 Loading class org/xml/sax/EntityResolver done
Event: 1.660 Loading class org/xml/sax/ErrorHandler
Event: 1.660 Loading class org/xml/sax/ErrorHandler done
Event: 1.660 Loading class org/xml/sax/SAXParseException
Event: 1.660 Loading class org/xml/sax/SAXParseException done
Event: 1.660 Loading class javax/xml/parsers/ParserConfigurationException
Event: 1.660 Loading class javax/xml/parsers/ParserConfigurationException done
Event: 1.664 Loading class java/io/CharConversionException
Event: 1.664 Loading class java/io/CharConversionException done
Event: 1.673 Loading class java/time/chrono/HijrahDate
Event: 1.674 Loading class java/time/chrono/ChronoLocalDateImpl
Event: 1.674 Loading class java/time/chrono/ChronoLocalDateImpl done
Event: 1.674 Loading class java/time/chrono/HijrahDate done
Event: 1.674 Loading class java/time/chrono/JapaneseDate
Event: 1.675 Loading class java/time/chrono/JapaneseDate done
Event: 1.675 Loading class java/time/chrono/MinguoDate
Event: 1.675 Loading class java/time/chrono/MinguoDate done
Event: 1.675 Loading class java/time/chrono/ThaiBuddhistDate
Event: 1.676 Loading class java/time/chrono/ThaiBuddhistDate done

Classes unloaded (0 events):
No events

Classes redefined (0 events):
No events

Internal exceptions (20 events):
Event: 1.327 Thread 0x0000022848e8f020 Exception <a 'java/lang/NoSuchMethodError'{0x000000069ac9f788}: 'java.lang.Object java.lang.invoke.DirectMethodHandle$Holder.newInvokeSpecial(java.lang.Object, java.lang.Object, java.lang.Object, java.lang.Object, java.lang.Object, java.lang.Object, int)'> (0x000000069ac9f788) 
thrown [s\open\src\hotspot\share\interpreter\linkResolver.cpp, line 774]
Event: 1.327 Thread 0x0000022848e8f020 Exception <a 'java/lang/NoSuchMethodError'{0x000000069aca3e18}: 'java.lang.Object java.lang.invoke.DirectMethodHandle$Holder.invokeSpecial(java.lang.Object, java.lang.Object, java.lang.Object, java.lang.Object, java.lang.Object, java.lang.Object, java.lang.Object, int)'> (0x000000069aca3e18) 
thrown [s\open\src\hotspot\share\interpreter\linkResolver.cpp, line 774]
Event: 1.358 Thread 0x0000022802c766e0 Exception <a 'java/lang/NoSuchMethodError'{0x000000069adbce60}: 'long java.lang.invoke.DirectMethodHandle$Holder.invokeVirtual(java.lang.Object, java.lang.Object)'> (0x000000069adbce60) 
thrown [s\open\src\hotspot\share\interpreter\linkResolver.cpp, line 774]
Event: 1.359 Thread 0x0000022802c766e0 Exception <a 'java/lang/NoSuchMethodError'{0x000000069adc0440}: 'long java.lang.invoke.DelegatingMethodHandle$Holder.reinvoke_L(java.lang.Object, java.lang.Object)'> (0x000000069adc0440) 
thrown [s\open\src\hotspot\share\interpreter\linkResolver.cpp, line 774]
Event: 1.373 Thread 0x0000022848e8f020 Exception <a 'java/lang/NoSuchMethodError'{0x000000069aef3818}: 'void java.lang.invoke.DirectMethodHandle$Holder.invokeSpecial(java.lang.Object, java.lang.Object, java.lang.Object, java.lang.Object, java.lang.Object)'> (0x000000069aef3818) 
thrown [s\open\src\hotspot\share\interpreter\linkResolver.cpp, line 774]
Event: 1.384 Thread 0x0000022848e8f020 Exception <a 'java/lang/NoSuchMethodError'{0x000000069af3db50}: 'int java.lang.invoke.DirectMethodHandle$Holder.invokeVirtual(java.lang.Object, java.lang.Object)'> (0x000000069af3db50) 
thrown [s\open\src\hotspot\share\interpreter\linkResolver.cpp, line 774]
Event: 1.401 Thread 0x0000022848e8f020 Exception <a 'java/lang/NoSuchMethodError'{0x000000069afd8220}: 'java.lang.Object java.lang.invoke.DirectMethodHandle$Holder.invokeSpecial(java.lang.Object, java.lang.Object, java.lang.Object, int, java.lang.Object)'> (0x000000069afd8220) 
thrown [s\open\src\hotspot\share\interpreter\linkResolver.cpp, line 774]
Event: 1.401 Thread 0x0000022848e8f020 Exception <a 'java/lang/NoSuchMethodError'{0x000000069afdfbf8}: 'java.lang.Object java.lang.invoke.DirectMethodHandle$Holder.newInvokeSpecial(java.lang.Object, java.lang.Object, java.lang.Object, int, java.lang.Object)'> (0x000000069afdfbf8) 
thrown [s\open\src\hotspot\share\interpreter\linkResolver.cpp, line 774]
Event: 1.402 Thread 0x0000022848e8f020 Exception <a 'java/lang/NoSuchMethodError'{0x000000069afe71a0}: 'java.lang.Object java.lang.invoke.Invokers$Holder.linkToTargetMethod(java.lang.Object, java.lang.Object, int, java.lang.Object, java.lang.Object)'> (0x000000069afe71a0) 
thrown [s\open\src\hotspot\share\interpreter\linkResolver.cpp, line 774]
Event: 1.403 Thread 0x0000022848e8f020 Exception <a 'java/lang/NoSuchMethodError'{0x000000069aff52d8}: 'java.lang.Object java.lang.invoke.DirectMethodHandle$Holder.newInvokeSpecial(java.lang.Object, int, java.lang.Object)'> (0x000000069aff52d8) 
thrown [s\open\src\hotspot\share\interpreter\linkResolver.cpp, line 774]
Event: 1.403 Thread 0x0000022848e8f020 Exception <a 'java/lang/NoSuchMethodError'{0x000000069aff9100}: 'int java.lang.invoke.DirectMethodHandle$Holder.invokeSpecialIFC(java.lang.Object, java.lang.Object, java.lang.Object, java.lang.Object)'> (0x000000069aff9100) 
thrown [s\open\src\hotspot\share\interpreter\linkResolver.cpp, line 774]
Event: 1.428 Thread 0x0000022848e8f020 Exception <a 'java/lang/NoSuchMethodError'{0x000000069a8e18b8}: 'void java.lang.invoke.DirectMethodHandle$Holder.invokeInterface(java.lang.Object, java.lang.Object, java.lang.Object)'> (0x000000069a8e18b8) 
thrown [s\open\src\hotspot\share\interpreter\linkResolver.cpp, line 774]
Event: 1.450 Thread 0x0000022848e8f020 Exception <a 'java/lang/NoSuchMethodError'{0x000000069a986ef8}: 'java.lang.Object java.lang.invoke.DirectMethodHandle$Holder.invokeVirtual(java.lang.Object, java.lang.Object, java.lang.Object)'> (0x000000069a986ef8) 
thrown [s\open\src\hotspot\share\interpreter\linkResolver.cpp, line 774]
Event: 1.469 Thread 0x0000022848e8f020 Exception <a 'java/lang/NoSuchMethodError'{0x000000069aa6b7e0}: 'void java.lang.invoke.DirectMethodHandle$Holder.invokeStatic(java.lang.Object, java.lang.Object, int)'> (0x000000069aa6b7e0) 
thrown [s\open\src\hotspot\share\interpreter\linkResolver.cpp, line 774]
Event: 1.473 Thread 0x0000022848e8f020 Exception <a 'java/lang/NoSuchMethodError'{0x000000069aa7be10}: 'void java.lang.invoke.DirectMethodHandle$Holder.invokeStaticInit(java.lang.Object, java.lang.Object, java.lang.Object)'> (0x000000069aa7be10) 
thrown [s\open\src\hotspot\share\interpreter\linkResolver.cpp, line 774]
Event: 1.488 Thread 0x0000022848e8f020 Exception <a 'java/lang/NoSuchMethodError'{0x000000069ab1f528}: 'void java.lang.invoke.DirectMethodHandle$Holder.invokeVirtual(java.lang.Object, java.lang.Object, java.lang.Object, java.lang.Object)'> (0x000000069ab1f528) 
thrown [s\open\src\hotspot\share\interpreter\linkResolver.cpp, line 774]
Event: 1.549 Thread 0x0000022848e8f020 Exception <a 'java/lang/NoSuchMethodError'{0x000000069a597e38}: 'java.lang.reflect.Field[] java.lang.Class.getDeclaredFields(java.lang.Class)'> (0x000000069a597e38) 
thrown [s\open\src\hotspot\share\interpreter\linkResolver.cpp, line 774]
Event: 1.549 Thread 0x0000022848e8f020 Exception <a 'java/lang/NoSuchMethodError'{0x000000069a59c738}: 'java.lang.Object java.lang.invoke.DirectMethodHandle$Holder.invokeStatic(java.lang.Object, java.lang.Object, int)'> (0x000000069a59c738) 
thrown [s\open\src\hotspot\share\interpreter\linkResolver.cpp, line 774]
Event: 1.550 Thread 0x0000022848e8f020 Exception <a 'java/lang/NoSuchMethodError'{0x000000069a5d0b50}: 'void java.lang.invoke.DelegatingMethodHandle$Holder.delegate(java.lang.Object, java.lang.Object, int, java.lang.Object)'> (0x000000069a5d0b50) 
thrown [s\open\src\hotspot\share\interpreter\linkResolver.cpp, line 774]
Event: 1.561 Thread 0x0000022848e8f020 Exception <a 'java/lang/IncompatibleClassChangeError'{0x000000069a6f95f0}: Found class java.lang.Object, but interface was expected> (0x000000069a6f95f0) 
thrown [s\open\src\hotspot\share\interpreter\linkResolver.cpp, line 841]

ZGC Phase Switch (0 events):
No events

VM Operations (20 events):
Event: 0.762 Executing VM operation: ICBufferFull
Event: 0.762 Executing VM operation: ICBufferFull done
Event: 0.764 Executing VM operation: HandshakeAllThreads (Deoptimize)
Event: 0.764 Executing VM operation: HandshakeAllThreads (Deoptimize) done
Event: 0.769 Executing VM operation: HandshakeAllThreads (Deoptimize)
Event: 0.769 Executing VM operation: HandshakeAllThreads (Deoptimize) done
Event: 0.775 Executing VM operation: HandshakeAllThreads (Deoptimize)
Event: 0.775 Executing VM operation: HandshakeAllThreads (Deoptimize) done
Event: 0.818 Executing VM operation: G1CollectForAllocation (G1 Evacuation Pause)
Event: 0.826 Executing VM operation: G1CollectForAllocation (G1 Evacuation Pause) done
Event: 1.135 Executing VM operation: HandshakeAllThreads (Deoptimize)
Event: 1.135 Executing VM operation: HandshakeAllThreads (Deoptimize) done
Event: 1.314 Executing VM operation: G1CollectForAllocation (G1 Evacuation Pause)
Event: 1.319 Executing VM operation: G1CollectForAllocation (G1 Evacuation Pause) done
Event: 1.380 Executing VM operation: HandshakeAllThreads (Deoptimize)
Event: 1.380 Executing VM operation: HandshakeAllThreads (Deoptimize) done
Event: 1.536 Executing VM operation: HandshakeAllThreads (Deoptimize)
Event: 1.536 Executing VM operation: HandshakeAllThreads (Deoptimize) done
Event: 1.539 Executing VM operation: HandshakeAllThreads (Deoptimize)
Event: 1.539 Executing VM operation: HandshakeAllThreads (Deoptimize) done

Memory protections (0 events):
No events

Nmethod flushes (0 events):
No events

Events (20 events):
Event: 0.058 Thread 0x000002286cbd03d0 Thread added: 0x000002287fb5a080
Event: 0.058 Thread 0x000002286cbd03d0 Thread added: 0x000002287fb5abd0
Event: 0.058 Thread 0x000002286cbd03d0 Thread added: 0x000002287fb5b850
Event: 0.058 Thread 0x000002286cbd03d0 Thread added: 0x0000022802350dc0
Event: 0.157 Thread 0x000002286cbd03d0 Thread added: 0x000002287fb212e0
Event: 0.171 Thread 0x0000022802350dc0 Thread added: 0x000002280244e2b0
Event: 0.172 Thread 0x0000022802350dc0 Thread added: 0x0000022802450980
Event: 0.339 Thread 0x000002286cbd03d0 Thread added: 0x0000022802888810
Event: 0.339 Thread 0x000002286cbd03d0 Thread added: 0x0000022802888e80
Event: 0.395 Thread 0x0000022802350dc0 Thread added: 0x00000228028c3ae0
Event: 0.707 Thread 0x000002286cbd03d0 Thread added: 0x0000022802aac560
Event: 0.726 Thread 0x0000022802aac560 Thread added: 0x0000022802c766e0
Event: 0.751 Thread 0x0000022802c766e0 Thread added: 0x0000022802c529c0
Event: 0.762 Thread 0x0000022802c766e0 Thread added: 0x0000022802c4f730
Event: 1.062 Thread 0x000002286cbd03d0 Thread added: 0x0000022848e8d5e0
Event: 1.065 Thread 0x0000022848e8d5e0 Thread added: 0x0000022848e8f020
Event: 1.218 Thread 0x0000022802aac560 Thread added: 0x0000022848e8dc70
Event: 1.220 Thread 0x0000022848e8dc70 Thread added: 0x0000022848e8fd40
Event: 1.235 Thread 0x0000022848e8fd40 Thread exited: 0x0000022848e8fd40
Event: 1.545 Thread 0x0000022848e8f020 Thread added: 0x0000022848e8f6b0


Dynamic libraries:
0x00007ff692610000 - 0x00007ff69261e000 	C:\Users\phaml\.jdks\openjdk-22.0.2\bin\java.exe
0x00007ffab4610000 - 0x00007ffab4827000 	C:\WINDOWS\SYSTEM32\ntdll.dll
0x00007ffab2df0000 - 0x00007ffab2eb4000 	C:\WINDOWS\System32\KERNEL32.DLL
0x00007ffab1980000 - 0x00007ffab1d53000 	C:\WINDOWS\System32\KERNELBASE.dll
0x00007ffab17e0000 - 0x00007ffab18f1000 	C:\WINDOWS\System32\ucrtbase.dll
0x00007ffaa5bb0000 - 0x00007ffaa5bcb000 	C:\Users\phaml\.jdks\openjdk-22.0.2\bin\VCRUNTIME140.dll
0x00007ffaab800000 - 0x00007ffaab817000 	C:\Users\phaml\.jdks\openjdk-22.0.2\bin\jli.dll
0x00007ffab4130000 - 0x00007ffab42e1000 	C:\WINDOWS\System32\USER32.dll
0x00007ffaa0520000 - 0x00007ffaa07ba000 	C:\WINDOWS\WinSxS\amd64_microsoft.windows.common-controls_6595b64144ccf1df_6.0.22621.5090_none_2715ec9973802129\COMCTL32.dll
0x00007ffab21d0000 - 0x00007ffab21f6000 	C:\WINDOWS\System32\win32u.dll
0x00007ffab24b0000 - 0x00007ffab2557000 	C:\WINDOWS\System32\msvcrt.dll
0x00007ffab2dc0000 - 0x00007ffab2de9000 	C:\WINDOWS\System32\GDI32.dll
0x00007ffab1d60000 - 0x00007ffab1e7b000 	C:\WINDOWS\System32\gdi32full.dll
0x00007ffab2130000 - 0x00007ffab21ca000 	C:\WINDOWS\System32\msvcp_win.dll
0x00007ffab2b20000 - 0x00007ffab2b51000 	C:\WINDOWS\System32\IMM32.DLL
0x00007ffaab880000 - 0x00007ffaab88c000 	C:\Users\phaml\.jdks\openjdk-22.0.2\bin\vcruntime140_1.dll
0x00007ffa99b10000 - 0x00007ffa99b9e000 	C:\Users\phaml\.jdks\openjdk-22.0.2\bin\msvcp140.dll
0x00007ff9fd570000 - 0x00007ff9fe2b9000 	C:\Users\phaml\.jdks\openjdk-22.0.2\bin\server\jvm.dll
0x00007ffab2370000 - 0x00007ffab2421000 	C:\WINDOWS\System32\ADVAPI32.dll
0x00007ffab2d10000 - 0x00007ffab2db7000 	C:\WINDOWS\System32\sechost.dll
0x00007ffab2280000 - 0x00007ffab22a8000 	C:\WINDOWS\System32\bcrypt.dll
0x00007ffab2600000 - 0x00007ffab2714000 	C:\WINDOWS\System32\RPCRT4.dll
0x00007ffab2430000 - 0x00007ffab24a1000 	C:\WINDOWS\System32\WS2_32.dll
0x00007ffab0ff0000 - 0x00007ffab103d000 	C:\WINDOWS\SYSTEM32\POWRPROF.dll
0x00007ffaa9c20000 - 0x00007ffaa9c54000 	C:\WINDOWS\SYSTEM32\WINMM.dll
0x00007ffaa9a90000 - 0x00007ffaa9a9a000 	C:\WINDOWS\SYSTEM32\VERSION.dll
0x00007ffab0fd0000 - 0x00007ffab0fe3000 	C:\WINDOWS\SYSTEM32\UMPDC.dll
0x00007ffab0720000 - 0x00007ffab0738000 	C:\WINDOWS\SYSTEM32\kernel.appcore.dll
0x00007ffaa7f50000 - 0x00007ffaa7f5a000 	C:\Users\phaml\.jdks\openjdk-22.0.2\bin\jimage.dll
0x00007ffaaea20000 - 0x00007ffaaec52000 	C:\WINDOWS\SYSTEM32\DBGHELP.DLL
0x00007ffab2720000 - 0x00007ffab2ab2000 	C:\WINDOWS\System32\combase.dll
0x00007ffab3760000 - 0x00007ffab3837000 	C:\WINDOWS\System32\OLEAUT32.dll
0x00007ffa7fc30000 - 0x00007ffa7fc62000 	C:\WINDOWS\SYSTEM32\dbgcore.DLL
0x00007ffab1900000 - 0x00007ffab197b000 	C:\WINDOWS\System32\bcryptPrimitives.dll
0x00007ffaa7770000 - 0x00007ffaa777f000 	C:\Users\phaml\.jdks\openjdk-22.0.2\bin\instrument.dll
0x00007ffaa5b90000 - 0x00007ffaa5bae000 	C:\Users\phaml\.jdks\openjdk-22.0.2\bin\java.dll
0x00007ffab2ec0000 - 0x00007ffab375b000 	C:\WINDOWS\System32\SHELL32.dll
0x00007ffab1e80000 - 0x00007ffab1fbf000 	C:\WINDOWS\System32\wintypes.dll
0x00007ffab2b60000 - 0x00007ffab2d01000 	C:\WINDOWS\System32\ole32.dll
0x00007ffaaf610000 - 0x00007ffaaff2e000 	C:\WINDOWS\SYSTEM32\windows.storage.dll
0x00007ffab44c0000 - 0x00007ffab45ca000 	C:\WINDOWS\System32\SHCORE.dll
0x00007ffab2560000 - 0x00007ffab25c8000 	C:\WINDOWS\System32\shlwapi.dll
0x00007ffab1650000 - 0x00007ffab167b000 	C:\WINDOWS\SYSTEM32\profapi.dll
0x00007ffaa2a70000 - 0x00007ffaa2a87000 	C:\Users\phaml\.jdks\openjdk-22.0.2\bin\zip.dll
0x00007ffaa5b80000 - 0x00007ffaa5b90000 	C:\Users\phaml\.jdks\openjdk-22.0.2\bin\net.dll
0x00007ffab0ba0000 - 0x00007ffab0c0a000 	C:\WINDOWS\system32\mswsock.dll
0x00007ffaa2af0000 - 0x00007ffaa2b06000 	C:\Users\phaml\.jdks\openjdk-22.0.2\bin\nio.dll
0x00007ffaa0bb0000 - 0x00007ffaa0bca000 	C:\Program Files\JetBrains\IntelliJ IDEA 2024.2.0.1\bin\breakgen64.dll
0x00007ffaa43e0000 - 0x00007ffaa43e9000 	C:\Users\phaml\.jdks\openjdk-22.0.2\bin\extnet.dll
0x00007ffab0200000 - 0x00007ffab0302000 	C:\WINDOWS\SYSTEM32\DNSAPI.dll
0x00007ffab01d0000 - 0x00007ffab01fd000 	C:\WINDOWS\SYSTEM32\IPHLPAPI.DLL
0x00007ffab25d0000 - 0x00007ffab25d9000 	C:\WINDOWS\System32\NSI.dll
0x0000000062130000 - 0x0000000062156000 	C:\Program Files\Bonjour\mdnsNSP.dll
0x00007ffaa9a50000 - 0x00007ffaa9a5a000 	C:\Windows\System32\rasadhlp.dll
0x00007ffaabd90000 - 0x00007ffaabe13000 	C:\WINDOWS\System32\fwpuclnt.dll
0x00007ffaa3a30000 - 0x00007ffaa3a3a000 	C:\Users\phaml\.jdks\openjdk-22.0.2\bin\management.dll
0x00007ffaa2eb0000 - 0x00007ffaa2ebb000 	C:\Users\phaml\.jdks\openjdk-22.0.2\bin\management_ext.dll
0x00007ffab42f0000 - 0x00007ffab42f8000 	C:\WINDOWS\System32\PSAPI.DLL
0x00007ffab0da0000 - 0x00007ffab0dbb000 	C:\WINDOWS\SYSTEM32\CRYPTSP.dll
0x00007ffab0680000 - 0x00007ffab06b7000 	C:\WINDOWS\system32\rsaenh.dll
0x00007ffab0c40000 - 0x00007ffab0c68000 	C:\WINDOWS\SYSTEM32\USERENV.dll
0x00007ffab0dc0000 - 0x00007ffab0dcc000 	C:\WINDOWS\SYSTEM32\CRYPTBASE.dll
0x00007ffa7a170000 - 0x00007ffa7a187000 	C:\WINDOWS\system32\napinsp.dll
0x00007ffa7a110000 - 0x00007ffa7a12b000 	C:\WINDOWS\system32\pnrpnsp.dll
0x00007ffa7a130000 - 0x00007ffa7a141000 	C:\WINDOWS\System32\winrnr.dll
0x00007ffaaca40000 - 0x00007ffaaca55000 	C:\WINDOWS\system32\wshbth.dll
0x00007ffa7a0e0000 - 0x00007ffa7a107000 	C:\WINDOWS\system32\nlansp_c.dll
0x00007ffa7efc0000 - 0x00007ffa7f010000 	C:\WINDOWS\SYSTEM32\pdh.dll
0x00007ffa76f50000 - 0x00007ffa76f61000 	C:\WINDOWS\System32\perfproc.dll
0x00007ffa78460000 - 0x00007ffa78470000 	C:\WINDOWS\System32\perfos.dll
0x00007ffaae960000 - 0x00007ffaae970000 	C:\WINDOWS\SYSTEM32\pfclient.dll

dbghelp: loaded successfully - version: 4.0.5 - missing functions: none
symbol engine: initialized successfully - sym options: 0x614 - pdb path: .;C:\Users\phaml\.jdks\openjdk-22.0.2\bin;C:\WINDOWS\SYSTEM32;C:\WINDOWS\WinSxS\amd64_microsoft.windows.common-controls_6595b64144ccf1df_6.0.22621.5090_none_2715ec9973802129;C:\Users\phaml\.jdks\openjdk-22.0.2\bin\server;C:\Program Files\JetBrains\IntelliJ IDEA 2024.2.0.1\bin;C:\Program Files\Bonjour

VM Arguments:
jvm_args: -XX:TieredStopAtLevel=1 -Dspring.output.ansi.enabled=always -Dcom.sun.management.jmxremote -Dspring.jmx.enabled=true -Dspring.liveBeansView.mbeanDomain -Dspring.application.admin.enabled=true -Dmanagement.endpoints.jmx.exposure.include=* -javaagent:C:\Program Files\JetBrains\IntelliJ IDEA 2024.2.0.1\lib\idea_rt.jar=60652:C:\Program Files\JetBrains\IntelliJ IDEA 2024.2.0.1\bin -Dfile.encoding=UTF-8 -Dsun.stdout.encoding=UTF-8 -Dsun.stderr.encoding=UTF-8 
java_command: com.fpt.config.JpapracticeApplication
java_class_path (initial): C:\FPTU\OJT\Spring\jpapractice\jpapractice\target\classes;C:\Users\phaml\.m2\repository\org\springframework\boot\spring-boot-starter-data-jpa\3.4.3\spring-boot-starter-data-jpa-3.4.3.jar;C:\Users\phaml\.m2\repository\org\springframework\boot\spring-boot-starter\3.4.3\spring-boot-starter-3.4.3.jar;C:\Users\phaml\.m2\repository\org\springframework\boot\spring-boot-starter-logging\3.4.3\spring-boot-starter-logging-3.4.3.jar;C:\Users\phaml\.m2\repository\ch\qos\logback\logback-classic\1.5.16\logback-classic-1.5.16.jar;C:\Users\phaml\.m2\repository\ch\qos\logback\logback-core\1.5.16\logback-core-1.5.16.jar;C:\Users\phaml\.m2\repository\org\apache\logging\log4j\log4j-to-slf4j\2.24.3\log4j-to-slf4j-2.24.3.jar;C:\Users\phaml\.m2\repository\org\apache\logging\log4j\log4j-api\2.24.3\log4j-api-2.24.3.jar;C:\Users\phaml\.m2\repository\org\slf4j\jul-to-slf4j\2.0.16\jul-to-slf4j-2.0.16.jar;C:\Users\phaml\.m2\repository\org\yaml\snakeyaml\2.3\snakeyaml-2.3.jar;C:\Users\phaml\.m2\repository\org\springframework\boot\spring-boot-starter-jdbc\3.4.3\spring-boot-starter-jdbc-3.4.3.jar;C:\Users\phaml\.m2\repository\com\zaxxer\HikariCP\5.1.0\HikariCP-5.1.0.jar;C:\Users\phaml\.m2\repository\org\springframework\spring-jdbc\6.2.3\spring-jdbc-6.2.3.jar;C:\Users\phaml\.m2\repository\org\springframework\data\spring-data-jpa\3.4.3\spring-data-jpa-3.4.3.jar;C:\Users\phaml\.m2\repository\org\springframework\data\spring-data-commons\3.4.3\spring-data-commons-3.4.3.jar;C:\Users\phaml\.m2\repository\org\springframework\spring-orm\6.2.3\spring-orm-6.2.3.jar;C:\Users\phaml\.m2\repository\org\springframework\spring-context\6.2.3\spring-context-6.2.3.jar;C:\Users\phaml\.m2\repository\org\springframework\spring-aop\6.2.3\spring-aop-6.2.3.jar;C:\Users\phaml\.m2\repository\org\springframework\spring-tx\6.2.3\spring-tx-6.2.3.jar;C:\Users\phaml\.m2\repository\org\springframework\spring-beans\6.2.3\spring-beans-6.2.3.jar;C:\Users\phaml\.m2\repository\org\slf4j\slf4j-api\2.0.16\slf4j-api-2.0.16.jar;C:\Users\phaml\.m2\repository\org\springframework\spring-aspects\6.2.3\spring-aspects-6.2.3.jar;C:\Users\phaml\.m2\repository\org\aspectj\aspectjweaver\1.9.22.1\aspectjweaver-1.9.22.1.jar;C:\Users\phaml\.m2\repository\com\microsoft\sqlserver\mssql-jdbc\12.4.2.jre11\mssql-jdbc-12.4.2.jre11.jar;C:\Users\phaml\.m2\repository\jakarta\xml\bind\jakarta.xml.bind-api\4.0.2\jakarta.xml.bind-api-4.0.2.jar;C:\Users\phaml\.m2\repository\jakarta\activation\jakarta.activation-api\2.1.3\jakarta.activation-api-2.1.3.jar;C:\Users\phaml\.m2\repository\org\springframework\spring-core\6.2.3\spring-core-6.2.3.jar;C:\Users\phaml\.m2\repository\org\springframework\spring-jcl\6.2.3\spring-jcl-6.2.3.jar;C:\Users\phaml\.m2\repository\org\springframework\boot\spring-boot-devtools\3.4.3\spring-boot-devtools-3.4.3.jar;C:\Users\phaml\.m2\repository\org\springframework\boot\spring-boot\3.4.3\spring-boot-3.4.3.jar;C:\Users\phaml\.m2\repository\org\springframework\boot\spring-boot-autoconfigure\3.4.3\spring-boot-autoconfigure-3.4.3.jar;C:\Users\phaml\.m2\repository\org\springframework\boot\spring-boot-starter-thymeleaf\3.4.3\spring-boot-starter-thymeleaf-3.4.3.jar;C:\Users\phaml\.m2\repository\org\thymeleaf\thymeleaf-spring6\3.1.3.RELEASE\thymeleaf-spring6-3.1.3.RELEASE.jar;C:\Users\phaml\.m2\repository\org\thymeleaf\thymeleaf\3.1.3.RELEASE\thymeleaf-3.1.3.RELEASE.jar;C:\Users\phaml\.m2\repository\org\attoparser\attoparser\2.0.7.RELEASE\attoparser-2.0.7.RELEASE.jar;C:\Users\phaml\.m2\repository\org\unbescape\unbescape\1.1.6.RELEASE\unbescape-1.1.6.RELEASE.jar;C:\Users\phaml\.m2\repository\org\springframework\boot\spring-boot-starter-tomcat\3.4.3\spring-boot-starter-tomcat-3.4.3.jar;C:\Users\phaml\.m2\repository\jakarta\annotation\jakarta.annotation-api\2.1.1\jakarta.annotation-api-2.1.1.jar;C:\Users\phaml\.m2\repository\org\apache\tomcat\embed\tomcat-embed-core\10.1.36\tomcat-embed-core-10.1.36.jar;C:\Users\phaml\.m2\repository\org\apache\tomcat\embed\tomcat-embed-el\10.1.36\tomcat-embed-el-10.1.36.jar;C:\Users\phaml\.m2\repository\org\apache\tomcat\embed\tomcat-embed-websocket\10.1.36\tomcat-embed-websocket-10.1.36.jar;C:\Users\phaml\.m2\repository\org\apache\tomcat\embed\tomcat-embed-jasper\10.1.36\tomcat-embed-jasper-10.1.36.jar;C:\Users\phaml\.m2\repository\org\eclipse\jdt\ecj\3.33.0\ecj-3.33.0.jar;C:\Users\phaml\.m2\repository\org\springframework\boot\spring-boot-starter-web\3.4.3\spring-boot-starter-web-3.4.3.jar;C:\Users\phaml\.m2\repository\org\springframework\boot\spring-boot-starter-json\3.4.3\spring-boot-starter-json-3.4.3.jar;C:\Users\phaml\.m2\repository\com\fasterxml\jackson\core\jackson-databind\2.18.2\jackson-databind-2.18.2.jar;C:\Users\phaml\.m2\repository\com\fasterxml\jackson\core\jackson-annotations\2.18.2\jackson-annotations-2.18.2.jar;C:\Users\phaml\.m2\repository\com\fasterxml\jackson\core\jackson-core\2.18.2\jackson-core-2.18.2.jar;C:\Users\phaml\.m2\repository\com\fasterxml\jackson\datatype\jackson-datatype-jdk8\2.18.2\jackson-datatype-jdk8-2.18.2.jar;C:\Users\phaml\.m2\repository\com\fasterxml\jackson\datatype\jackson-datatype-jsr310\2.18.2\jackson-datatype-jsr310-2.18.2.jar;C:\Users\phaml\.m2\repository\com\fasterxml\jackson\module\jackson-module-parameter-names\2.18.2\jackson-module-parameter-names-2.18.2.jar;C:\Users\phaml\.m2\repository\org\springframework\spring-web\6.2.3\spring-web-6.2.3.jar;C:\Users\phaml\.m2\repository\org\springframework\spring-webmvc\6.2.3\spring-webmvc-6.2.3.jar;C:\Users\phaml\.m2\repository\org\springframework\spring-expression\6.2.3\spring-expression-6.2.3.jar;C:\Users\phaml\.m2\repository\javax\servlet\javax.servlet-api\4.0.1\javax.servlet-api-4.0.1.jar;C:\Users\phaml\.m2\repository\org\hibernate\orm\hibernate-core\6.2.3.Final\hibernate-core-6.2.3.Final.jar;C:\Users\phaml\.m2\repository\jakarta\persistence\jakarta.persistence-api\3.1.0\jakarta.persistence-api-3.1.0.jar;C:\Users\phaml\.m2\repository\jakarta\transaction\jakarta.transaction-api\2.0.1\jakarta.transaction-api-2.0.1.jar;C:\Users\phaml\.m2\repository\org\jboss\logging\jboss-logging\3.6.1.Final\jboss-logging-3.6.1.Final.jar;C:\Users\phaml\.m2\repository\org\hibernate\common\hibernate-commons-annotations\6.0.6.Final\hibernate-commons-annotations-6.0.6.Final.jar;C:\Users\phaml\.m2\repository\io\smallrye\jandex\3.0.5\jandex-3.0.5.jar;C:\Users\phaml\.m2\repository\com\fasterxml\classmate\1.7.0\classmate-1.7.0.jar;C:\Users\phaml\.m2\repository\net\bytebuddy\byte-buddy\1.15.11\byte-buddy-1.15.11.jar;C:\Users\phaml\.m2\repository\org\glassfish\jaxb\jaxb-runtime\4.0.5\jaxb-runtime-4.0.5.jar;C:\Users\phaml\.m2\repository\org\glassfish\jaxb\jaxb-core\4.0.5\jaxb-core-4.0.5.jar;C:\Users\phaml\.m2\repository\org\eclipse\angus\angus-activation\2.0.2\angus-activation-2.0.2.jar;C:\Users\phaml\.m2\repository\org\glassfish\jaxb\txw2\4.0.5\txw2-4.0.5.jar;C:\Users\phaml\.m2\repository\com\sun\istack\istack-commons-runtime\4.1.2\istack-commons-runtime-4.1.2.jar;C:\Users\phaml\.m2\repository\jakarta\inject\jakarta.inject-api\2.0.1\jakarta.inject-api-2.0.1.jar;C:\Users\phaml\.m2\repository\org\antlr\antlr4-runtime\4.10.1\antlr4-runtime-4.10.1.jar;C:\Users\phaml\.m2\repository\org\springframework\boot\spring-boot-starter-actuator\3.4.3\spring-boot-starter-actuator-3.4.3.jar;C:\Users\phaml\.m2\repository\org\springframework\boot\spring-boot-actuator-autoconfigure\3.4.3\spring-boot-actuator-autoconfigure-3.4.3.jar;C:\Users\phaml\.m2\repository\org\springframework\boot\spring-boot-actuator\3.4.3\spring-boot-actuator-3.4.3.jar;C:\Users\phaml\.m2\repository\io\micrometer\micrometer-observation\1.14.4\micrometer-observation-1.14.4.jar;C:\Users\phaml\.m2\repository\io\micrometer\micrometer-commons\1.14.4\micrometer-commons-1.14.4.jar;C:\Users\phaml\.m2\repository\io\micrometer\micrometer-jakarta9\1.14.4\micrometer-jakarta9-1.14.4.jar;C:\Users\phaml\.m2\repository\io\micrometer\micrometer-core\1.14.4\micrometer-core-1.14.4.jar;C:\Users\phaml\.m2\repository\org\hdrhistogram\HdrHistogram\2.2.2\HdrHistogram-2.2.2.jar;C:\Users\phaml\.m2\repository\org\latencyutils\LatencyUtils\2.0.3\LatencyUtils-2.0.3.jar;C:\Users\phaml\.m2\repository\org\projectlombok\lombok\1.18.36\lombok-1.18.36.jar;C:\Users\phaml\.m2\repository\org\springframework\boot\spring-boot-starter-validation\3.4.3\spring-boot-starter-validation-3.4.3.jar;C:\Users\phaml\.m2\repository\org\hibernate\validator\hibernate-validator\8.0.2.Final\hibernate-validator-8.0.2.Final.jar;C:\Users\phaml\.m2\repository\jakarta\validation\jakarta.validation-api\3.0.2\jakarta.validation-api-3.0.2.jar
Launcher Type: SUN_STANDARD

[Global flags]
     intx CICompilerCount                          = 4                                         {product} {ergonomic}
     uint ConcGCThreads                            = 2                                         {product} {ergonomic}
     uint G1ConcRefinementThreads                  = 8                                         {product} {ergonomic}
   size_t G1HeapRegionSize                         = 4194304                                   {product} {ergonomic}
   size_t InitialHeapSize                          = 402653184                                 {product} {ergonomic}
     bool ManagementServer                         = true                                      {product} {command line}
   size_t MarkStackSize                            = 4194304                                   {product} {ergonomic}
   size_t MaxHeapSize                              = 6392119296                                {product} {ergonomic}
   size_t MaxNewSize                               = 3833593856                                {product} {ergonomic}
   size_t MinHeapDeltaBytes                        = 4194304                                   {product} {ergonomic}
   size_t MinHeapSize                              = 8388608                                   {product} {ergonomic}
    uintx NonNMethodCodeHeapSize                   = 4096                                   {pd product} {ergonomic}
    uintx NonProfiledCodeHeapSize                  = 0                                      {pd product} {ergonomic}
     bool ProfileInterpreter                       = false                                  {pd product} {command line}
    uintx ProfiledCodeHeapSize                     = 0                                      {pd product} {ergonomic}
   size_t SoftMaxHeapSize                          = 6392119296                             {manageable} {ergonomic}
     intx TieredStopAtLevel                        = 1                                         {product} {command line}
     bool UseCompressedOops                        = true                           {product lp64_product} {ergonomic}
     bool UseG1GC                                  = true                                      {product} {ergonomic}
     bool UseLargePagesIndividualAllocation        = false                                  {pd product} {ergonomic}

Logging:
Log output configuration:
 #0: stdout all=warning uptime,level,tags foldmultilines=false
 #1: stderr all=off uptime,level,tags foldmultilines=false

Environment Variables:
PATH=c:\Users\phaml\AppData\Local\Programs\cursor\resources\app\bin;C:\Program Files\Common Files\Oracle\Java\javapath_target_4825531;C:\Python312\;C:\Program Files\Common Files\Oracle\Java\javapath;C:\Program Files (x86)\VMware\VMware Workstation\bin\;C:\WINDOWS\system32;C:\WINDOWS;C:\WINDOWS\System32\Wbem;C:\WINDOWS\System32\WindowsPowerShell\v1.0\;C:\WINDOWS\System32\OpenSSH\;C:\Program Files\dotnet\;C:\msys64\mingw64\bin;C:\Program Files\nodejs\;C:\ProgramData\chocolatey\bin;C:\Program Files (x86)\Microsoft SQL Server\160\DTS\Binn\;C:\Program Files\Azure Data Studio\bin;C:\Program Files (x86)\Microsoft SQL Server\160\Tools\Binn\;C:\Program Files\Microsoft SQL Server\160\Tools\Binn\;C:\Program Files\Microsoft SQL Server\Client SDK\ODBC\170\Tools\Binn\;C:\Program Files\Microsoft SQL Server\160\DTS\Binn\;C:\Program Files\Microsoft SQL Server\120\Tools\Binn\;C:\Program Files\Java\jdk-17\bin;C:\Python312\~cripts;C:\Program Files\Docker\Docker\resources\bin;C:\;C:\Program Files\MongoDB\Server\8.0\bin;C:\Users\phaml\Downloads\mongosh-2.3.8-win32-x64\mongosh-2.3.8-win32-x64\bin;C:\Users\phaml\AppData\Local\Programs\Python\Python313\Scripts;C:\Users\phaml\AppData\Local\Programs\Python\Python313\Scripts;C:\Program Files\PowerShell\7\;C:\Program Files\JetBrains\IntelliJ IDEA 2024.2.0.1\bin\idea64.exe;C:\apache-maven-3.9.9-bin\apache-maven-3.9.9\bin;C:\Program Files\Git\cmd;C:\Users\phaml\AppData\Local\Microsoft\WindowsApps;C:\MinGW\bin;C:\Users\phaml\AppData\Roaming\npm;C:\Program Files\Azure Data Studio\bin;C:\Users\phaml\AppData\Local\Programs\Azure Data Studio\bin;C:\Program Files\Azure Data Studio\bin;C:\Program Files\JetBrains\IntelliJ IDEA 2024.2.0.1\bin;;C:\Program Files\JetBrains\PyCharm 2024.1.1\bin;;C:\Program Files\JetBrains\GoLand 2024.1.1\bin;;C:\Users\phaml\AppData\Local\GitHubDesktop\bin;C:\Program Files\NetBeans-17\netbeans\java\gradle\bin;C:\Users\phaml\Downloads\gradle-8.10.1-bin\gradle\bin;C:\FALL24\apache-maven-3.9.9\bin;C:\Users\phaml\AppData\Local\Programs\mongosh\;C:\Program Files\JetBrains\IntelliJ IDEA 2024.2.0.1\bin\idea64.exe;C:\Users\phaml\AppData\Local\Microsoft\WinGet\Packages\Schniz.fnm_Microsoft.Winget.Source_8wekyb3d8bbwe;C:\Users\phaml\AppData\Local\Programs\cursor\resources\app\bin
USERNAME=phaml
OS=Windows_NT
PROCESSOR_IDENTIFIER=Intel64 Family 6 Model 140 Stepping 1, GenuineIntel
TMP=C:\Users\phaml\AppData\Local\Temp
TEMP=C:\Users\phaml\AppData\Local\Temp




Periodic native trim disabled

---------------  S Y S T E M  ---------------

OS:
 Windows 11 , 64 bit Build 22621 (10.0.22621.5015)
OS uptime: 7 days 13:01 hours
Hyper-V role detected

CPU: total 8 (initial active 8) (4 cores per cpu, 2 threads per core) family 6 model 140 stepping 1 microcode 0x8a, cx8, cmov, fxsr, ht, mmx, 3dnowpref, sse, sse2, sse3, ssse3, sse4.1, sse4.2, popcnt, lzcnt, tsc, tscinvbit, avx, avx2, aes, erms, clmul, bmi1, bmi2, adx, avx512f, avx512dq, avx512cd, avx512bw, avx512vl, sha, fma, vzeroupper, avx512_vpopcntdq, avx512_vpclmulqdq, avx512_vaes, avx512_vnni, clflush, clflushopt, clwb, avx512_vbmi2, avx512_vbmi, hv, rdtscp, rdpid, fsrm, gfni, avx512_bitalg, f16c, cet_ibt, cet_ss, avx512_ifma
Processor Information for all 8 processors :
  Max Mhz: 2419, Current Mhz: 2419, Mhz Limit: 2419

Memory: 4k page, system-wide physical 24375M (5655M free)
TotalPageFile size 32567M (AvailPageFile size 17M)
current process WorkingSet (physical memory assigned to process): 110M, peak: 110M
current process commit charge ("private bytes"): 507M, peak: 507M

vm_info: OpenJDK 64-Bit Server VM (22.0.2+9-70) for windows-amd64 JRE (22.0.2+9-70), built on 2024-06-04T16:52:23Z by "mach5one" with MS VC++ 17.6 (VS2022)

END.
